DOCUMENTOASSOCIADO;BI;EXCEL
4-32789315930;2;1
4-36788382516;2;1
4-41790261704;2;1
4-41827845794;2;1
4-44916538308;2;1
4-46926817418;2;1
4-47482120014;2;1
4-47563483856;2;1
4-47906047462;2;1
4-48037533888;2;1
4-48263937150;2;1
4-48777461338;2;1
4-49014552212;2;1
4-49029750998;2;1
4-49235288815;2;1
4-49245290395;2;1
4-49586446871;2;1
4-49628514479;2;1
4-49706660753;2;1
4-49838554260;2;1
4-49993010818;2;1
4-50224537631;2;1
4-50332319262;2;1
4-50403140163;2;1
4-50439283411;2;1
4-50819789714;2;1
4-51302482991;2;1
4-51438404893;2;1
4-51459355742;2;1
4-51592993224;2;1
4-51849556081;2;1
4-51975798566;2;1
4-52057219863;2;1
4-52071719925;2;1
4-52146521719;2;1
4-52381243529;2;1
4-52478572873;2;1
4-52556185634;2;1
4-52760305504;2;1
4-52773386322;2;1
4-52779117791;2;1
4-52853734347;2;1
4-52951111759;2;1
4-53100627730;2;1
4-53252956916;2;1
4-53378024117;2;1
4-53515538982;2;1
4-54162168929;2;1
4-54257734738;2;1
4-54920169218;2;1
4-55100881987;2;1
4-55343907382;2;1
4-55561024753;2;1
4-55562019572;2;1
4-56070596518;2;1
4-56218347502;2;1
4-56243212762;2;1
4-56408916800;2;1
4-56416147733;2;1
4-56453268179;2;1
4-56577746467;2;1
4-56630188461;2;1
4-56722777209;2;1
4-56724729940;2;1
4-57359440513;2;1
4-57364081539;2;1
4-57372372854;2;1
4-57374937547;2;1
4-57663009667;2;1
4-57850378799;2;1
4-57943497083;2;1
4-58073156642;2;1
4-58136011940;2;1
4-58218804426;2;1
4-58226111834;2;1
4-58365606378;2;1
4-58651290719;2;1
4-58661581522;2;1
4-58787131734;2;1
4-58809625356;2;1
4-59085983068;2;1
4-59532494041;2;1
4-59801156347;2;1
4-60308947262;2;1
4-60325004376;2;1
4-60360943332;2;1
4-60367322931;2;1
4-60547969318;2;1
4-61262393193;2;1
4-62552663473;2;1
4-62699627507;2;1
4-62731439481;2;1
4-63240367744;2;1
4-63496142044;2;1
4-63908119832;2;1
4-64536803368;2;1
4-64721737143;2;1
4-64854311120;2;1
4-65096635773;2;1
4-65860772157;2;1
4-66095720697;2;1
4-66621076228;2;1
4-67056569699;2;1
4-67111286679;2;1
4-67386586926;2;1
4-68110075642;2;1
4-68175712550;2;1
4-68307769172;2;1
4-68562676570;2;1
4-68764300296;2;1
4-69235786177;2;1
4-69585804791;2;1
4-69922646557;2;1
4-69933157542;2;1
4-70000030245;2;1
4-70088584672;2;1
4-70427026871;2;1
4-71308451928;2;1
4-71823542859;2;1
4-71844577027;2;1
4-71965571554;2;1
4-72077089496;2;1
4-72115602007;2;1
4-72329093271;2;1
4-72772182771;2;1
4-72822017443;2;1
4-72844780453;2;1
4-72881298582;2;1
4-73027103669;2;1
4-73435907698;2;1
4-73444294178;2;1
4-73499411550;2;1
4-73748521150;2;1
4-73890797770;2;1
4-74333201916;2;1
4-74890871886;2;1
4-75037570110;2;1
4-75056898326;2;1
4-75175940886;2;1
4-75187860611;2;1
4-75304170359;2;1
4-75336141149;2;1
4-75491852773;2;1
4-75654786635;2;1
4-75657209328;2;1
4-76113033380;2;1
4-76142099166;2;1
4-76256145953;2;1
4-76267388969;2;1
4-76603969203;2;1
4-76875979505;2;1
4-76927218990;2;1
4-77136538128;2;1
4-78339531145;2;1
4-78960999356;2;1
4-80080300521;2;1
4-81833472925;2;1
4-81974983054;2;1
4-82925391304;2;1
4-83053344460;2;1
4-83165110745;2;1
4-84238745634;2;1
4-84306356614;2;1
4-84459837275;2;1
4-84594385445;2;1
4-84704510985;2;1
4-85145214690;2;1
4-85272811697;2;1
4-85426127795;2;1
4-85764939784;2;1
4-86482568383;2;1
4-86801910357;2;1
4-86920102995;2;1
4-87076622218;2;1
4-87220967102;2;1
4-87250253515;2;1
4-88082478886;2;1
4-88205542898;2;1
4-88238450918;2;1
4-88339844707;2;1
4-88347111671;2;1
4-88532420584;2;1
4-88719548200;2;1
4-89084818457;2;1
4-89285983424;2;1
4-89286537219;2;1
4-89299125145;2;1
4-89320740016;2;1
4-89717136717;2;1
4-89782380537;2;1
4-89863218160;2;1
4-89915500432;2;1
4-89923831751;2;1
4-89951410323;2;1
4-90058819106;2;1
4-90103045474;2;1
4-90136267485;2;1
4-90138657730;2;1
4-90168497411;2;1
4-90192013092;2;1
4-90214524092;2;1
4-90219599530;2;1
4-90323584215;2;1
4-90409737815;2;1
4-90627423751;2;1
4-90704193234;2;1
4-90803595675;2;1
4-90822541902;2;1
4-90825458000;2;1
4-90854497153;2;1
4-90869137493;2;1
4-91002518728;2;1
4-91018819544;2;1
4-91019264393;2;1
4-91022941557;2;1
4-91043673865;2;1
4-91053005913;2;1
4-91091045869;2;1
4-91112314411;2;1
4-91132026493;2;1
4-20987458440;2;1
4-31809322466;2;1
4-33102219797;2;1
4-41067658133;2;1
4-41816904718;2;1
4-41950596819;2;1
4-43999405480;2;1
4-47045773601;2;1
4-47190324988;2;1
4-47429827299;2;1
4-47432671646;2;1
4-47494167466;2;1
4-47540511614;2;1
4-47845737284;2;1
4-47942627834;2;1
4-48036596768;2;1
4-48743190557;2;1
4-48870136406;2;1
4-49082248013;2;1
4-49437248870;2;1
4-49570908991;2;1
4-49598394464;2;1
4-49968144173;2;1
4-50170774318;2;1
4-50532045391;2;1
4-50840798182;2;1
4-50910996721;2;1
4-51072331226;2;1
4-51144708117;2;1
4-51431475941;2;1
4-51616454050;2;1
4-52064321749;2;1
4-52084410877;2;1
4-52479471180;2;1
4-52671058191;2;1
4-52675558968;2;1
4-52693668545;2;1
4-52716278454;2;1
4-52962741791;2;1
4-53272547677;2;1
4-54051279653;2;1
4-54151188695;2;1
4-54162408273;2;1
4-54264313911;2;1
4-54710971022;2;1
4-54805163450;2;1
4-54813355825;2;1
4-54828449028;2;1
4-54972535291;2;1
4-55171862642;2;1
4-55479242214;2;1
4-55494354714;2;1
4-55568159681;2;1
4-56060779083;2;1
4-56252386843;2;1
4-56394755614;2;1
4-56586555742;2;1
4-56769150342;2;1
4-56923862363;2;1
4-57604382456;2;1
4-58023359575;2;1
4-58136325177;2;1
4-58255959738;2;1
4-58262658505;2;1
4-58641064521;2;1
4-58643331247;2;1
4-58651776768;2;1
4-58811697763;2;1
4-58902672015;2;1
4-59198863207;2;1
4-59607787757;2;1
4-59642006323;2;1
4-59673274539;2;1
4-60568017390;2;1
4-60991105273;2;1
4-61033769839;2;1
4-61388411382;2;1
4-61455202487;2;1
4-62001651555;2;1
4-62563676147;2;1
4-62696500087;2;1
4-63218057002;2;1
4-63233088291;2;1
4-63656045969;2;1
4-63660409236;2;1
4-63931609990;2;1
4-64099449003;2;1
4-64207871032;2;1
4-64713421614;2;1
4-65307145834;2;1
4-66238724958;2;1
4-66415919937;2;1
4-67265612307;2;1
4-67509158208;2;1
4-68182772888;2;1
4-68281540292;2;1
4-68592723468;2;1
4-69303197750;2;1
4-69327228644;2;1
4-69336921906;2;1
4-69729312135;2;1
4-69873542276;2;1
4-70073415955;2;1
4-70482036309;2;1
4-70880035714;2;1
4-71391179347;2;1
4-72300801588;2;1
4-72655206501;2;1
4-72694065883;2;1
4-73037192275;2;1
4-73316016409;2;1
4-73419422982;2;1
4-73859080173;2;1
4-73882020405;2;1
4-74439364461;2;1
4-74565430278;2;1
4-74572858481;2;1
4-75045122294;2;1
4-75073591238;2;1
4-75669554498;2;1
4-75958139734;2;1
4-76252666735;2;1
4-77188571640;2;1
4-77277188168;2;1
4-77901422504;2;1
4-78134260201;2;1
4-78330699182;2;1
4-79656032037;2;1
4-79677152931;2;1
4-80506487734;2;1
4-81475549073;2;1
4-81804957985;2;1
4-81852893059;2;1
4-82034594356;2;1
4-82320901251;2;1
4-82334359145;2;1
4-84163968216;2;1
4-84302566803;2;1
4-84879587791;2;1
4-85290883624;2;1
4-86003817250;2;1
4-86485497013;2;1
4-86627960208;2;1
4-87120624190;2;1
4-87317974947;2;1
4-87334681392;2;1
4-87888936272;2;1
4-87919583143;2;1
4-88375738060;2;1
4-88501246492;2;1
4-88509892371;2;1
4-88597313407;2;1
4-88714421260;2;1
4-88832188138;2;1
4-88840908420;2;1
4-88899572332;2;1
4-89021975054;2;1
4-89089006245;2;1
4-89180496298;2;1
4-89302390004;2;1
4-89317188585;2;1
4-89702375771;2;1
4-89785401435;2;1
4-89855190236;2;1
4-89875867719;2;1
4-90050725499;2;1
4-90082252091;2;1
4-90186819218;2;1
4-90215391933;2;1
4-90290541954;2;1
4-90310570008;2;1
4-90436880994;2;1
4-90638993530;2;1
4-90653397466;2;1
4-90685555903;2;1
4-90812628717;2;1
4-90843290910;2;1
4-90994825525;2;1
4-91034252961;2;1
4-91088309750;2;1
4-91118469122;2;1
4-91149091577;2;1
4-91214949070;2;1
4-91223864963;2;1
4-91228899610;2;1
4-91239072522;2;1
4-91239350434;2;1
4-91240168167;2;1
4-91247315640;2;1
4-91263644696;2;1
4-91273666373;2;1
4-91328201915;2;1
4-91334879829;2;1
4-91398332401;2;1
4-91474248293;2;1
4-91481016002;2;1
4-91489905740;2;1
4-91513202800;2;1
4-91515426273;2;1
4-91517532139;2;1
4-91536469650;2;1
4-91614045832;2;1
4-91646764093;2;1
4-91658711405;2;1
4-91658812570;2;1
4-91660284330;2;1
4-91668662602;2;1
4-91708457543;2;1
4-91718446322;2;1
4-91730899735;2;1
4-91734472510;2;1
4-91738567526;2;1
4-91738790451;2;1
4-91740234240;2;1
4-91743476446;2;1
4-91750685835;2;1
4-91761807073;2;1
4-91766076646;2;1
4-91864933907;2;1
4-91865457843;2;1
4-33572051139;2;1
4-46983915383;2;1
4-47027629539;2;1
4-47119685360;2;1
4-47119883442;2;1
4-47173149931;2;1
4-47331520280;2;1
4-47362378757;2;1
4-47365295752;2;1
4-47559517037;2;1
4-47559873341;2;1
4-47616502579;2;1
4-47858029005;2;1
4-48456068045;2;1
4-48470439202;2;1
4-48599134403;2;1
4-48601957530;2;1
4-48948008555;2;1
4-49013982635;2;1
4-49243571119;2;1
4-49305585423;2;1
4-49307504059;2;1
4-49403775135;2;1
4-49428108914;2;1
4-49633795402;2;1
4-50072661413;2;1
4-50101831587;2;1
4-51237292668;2;1
4-51330947335;2;1
4-51477803795;2;1
4-51492028893;2;1
4-51610142419;2;1
4-51796729168;2;1
4-52404018458;2;1
4-52492711696;2;1
4-53134161870;2;1
4-53612293554;2;1
4-53736676552;2;1
4-54067755465;2;1
4-54153633428;2;1
4-54273775028;2;1
4-54279083354;2;1
4-54561937453;2;1
4-54575422322;2;1
4-54783593976;2;1
4-54872726751;2;1
4-55056165704;2;1
4-55351953711;2;1
4-55581483718;2;1
4-55740415741;2;1
4-56426472364;2;1
4-56427931716;2;1
4-56439885609;2;1
4-56559982829;2;1
4-56607852182;2;1
4-57099532942;2;1
4-57260607001;2;1
4-57446080715;2;1
4-57878367925;2;1
4-57953438417;2;1
4-58075215570;2;1
4-58112136302;2;1
4-58284118123;2;1
4-58681752055;2;1
4-58776078611;2;1
4-58780166874;2;1
4-58787609869;2;1
4-58814817914;2;1
4-58916018934;2;1
4-59199037069;2;1
4-59222005986;2;1
4-59508912310;2;1
4-59598935417;2;1
4-59669908354;2;1
4-60246370261;2;1
4-60324157231;2;1
4-60580526557;2;1
4-60942747632;2;1
4-61411147605;2;1
4-61415715693;2;1
4-62393870372;2;1
4-62400966610;2;1
4-62424603769;2;1
4-62549873154;2;1
4-62556808058;2;1
4-62837011915;2;1
4-63680275698;2;1
4-63849525370;2;1
4-64092053682;2;1
4-64394837251;2;1
4-65097423308;2;1
4-65131502975;2;1
4-66100754719;2;1
4-66596615806;2;1
4-67108701688;2;1
4-67114350889;2;1
4-67378950333;2;1
4-67543852678;2;1
4-68249279372;2;1
4-68428734547;2;1
4-69083856115;2;1
4-69601926016;2;1
4-69904761490;2;1
4-70076339635;2;1
4-70288190587;2;1
4-70300463545;2;1
4-70324675903;2;1
4-71017714837;2;1
4-71059678600;2;1
4-71182672558;2;1
4-71320857101;2;1
4-71333799309;2;1
4-72082744251;2;1
4-72492392377;2;1
4-73392459065;2;1
4-74574877353;2;1
4-74635972193;2;1
4-74740787597;2;1
4-74933917539;2;1
4-75639476884;2;1
4-75652903936;2;1
4-75819592259;2;1
4-76410235065;2;1
4-76487189352;2;1
4-76489213210;2;1
4-76733840423;2;1
4-76785190823;2;1
4-76805363678;2;1
4-77340040584;2;1
4-78135124746;2;1
4-78137531909;2;1
4-78289897251;2;1
4-79667739129;2;1
4-80387645111;2;1
4-84491647028;2;1
4-84917252824;2;1
4-85123205687;2;1
4-85156468210;2;1
4-85447187008;2;1
4-88050400139;2;1
4-88218107554;2;1
4-88614991273;2;1
4-88695535798;2;1
4-88721459957;2;1
4-88833306824;2;1
4-89021884717;2;1
4-89088031288;2;1
4-89093776297;2;1
4-89153424318;2;1
4-89404336353;2;1
4-89771387789;2;1
4-89779713970;2;1
4-89855120267;2;1
4-89906739401;2;1
4-89924632539;2;1
4-89931194210;2;1
4-90065717513;2;1
4-90086442182;2;1
4-90093377911;2;1
4-90186937200;2;1
4-90202296721;2;1
4-90283208918;2;1
4-90318342305;2;1
4-90405571224;2;1
4-90637995505;2;1
4-90646493061;2;1
4-90673419546;2;1
4-90678000425;2;1
4-90820045863;2;1
4-90902957953;2;1
4-91022897149;2;1
4-91035847984;2;1
4-91122198040;2;1
4-91127446234;2;1
4-91155766523;2;1
4-91176738196;2;1
4-91255059321;2;1
4-91264286752;2;1
4-91283147501;2;1
4-91323363483;2;1
4-91331548981;2;1
4-91345069768;2;1
4-91470596692;2;1
4-91480235889;2;1
4-91486495241;2;1
4-91504287623;2;1
4-91509957101;2;1
4-91520767791;2;1
4-91609644190;2;1
4-91618729166;2;1
4-91633110301;2;1
4-91653453259;2;1
4-91710242431;2;1
4-91714304007;2;1
4-91715697945;2;1
4-91724253950;2;1
4-91727684118;2;1
4-91728490577;2;1
4-91734299415;2;1
4-91740176257;2;1
4-91742602653;2;1
4-91742913816;2;1
4-91752157521;2;1
4-91771010146;2;1
4-91776111969;2;1
4-91851384739;2;1
4-91867071766;2;1
4-91873486451;2;1
4-91878758612;2;1
4-91894191995;2;1
4-91896626556;2;1
4-91898336949;2;1
4-91915580077;2;1
4-91986439653;2;1
4-91989075597;2;1
4-91998799486;2;1
4-92004984772;2;1
4-92005850432;2;1
4-92017813920;2;1
4-92018729717;2;1
4-21161761047;2;1
4-26264983446;2;1
4-27826585831;2;1
4-31113177310;2;1
4-35247098828;2;1
4-46969357522;2;1
4-46978328262;2;1
4-47091048852;2;1
4-47109819094;2;1
4-47432282310;2;1
4-47644202867;2;1
4-47972541431;2;1
4-48023716641;2;1
4-48478053043;2;1
4-48635474034;2;1
4-48738999173;2;1
4-48905577433;2;1
4-48960062806;2;1
4-49037071136;2;1
4-49320906622;2;1
4-49973475440;2;1
4-50203482980;2;1
4-50418959833;2;1
4-50718243333;2;1
4-50820132917;2;1
4-50947474518;2;1
4-51168776832;2;1
4-51262030468;2;1
4-51307842803;2;1
4-52001835345;2;1
4-52479934010;2;1
4-52483553404;2;1
4-52512722705;2;1
4-52769356820;2;1
4-52769461412;2;1
4-52777114087;2;1
4-52965873685;2;1
4-53336208182;2;1
4-53391000555;2;1
4-53394484756;2;1
4-54495443640;2;1
4-54963327781;2;1
4-55066779599;2;1
4-55070600470;2;1
4-55107745113;2;1
4-55351255400;2;1
4-55499022950;2;1
4-55502858405;2;1
4-55600213728;2;1
4-55853678322;2;1
4-56202189129;2;1
4-56212787492;2;1
4-56276635830;2;1
4-56385339972;2;1
4-56480570338;2;1
4-57025154668;2;1
4-57213222835;2;1
4-57235906823;2;1
4-57359680165;2;1
4-57474777323;2;1
4-57544931170;2;1
4-57907165710;2;1
4-58023286343;2;1
4-58228694909;2;1
4-58271393598;2;1
4-58365325001;2;1
4-58630931114;2;1
4-58824484294;2;1
4-58953945212;2;1
4-59126146581;2;1
4-59362883151;2;1
4-59615276941;2;1
4-59621256993;2;1
4-59642706450;2;1
4-59679308862;2;1
4-60020888493;2;1
4-60309285181;2;1
4-60548492157;2;1
4-60613730568;2;1
4-61065584810;2;1
4-61269883470;2;1
4-61296604891;2;1
4-61581575239;2;1
4-61600997503;2;1
4-61767977643;2;1
4-61785644194;2;1
4-62964232188;2;1
4-63263407474;2;1
4-63787510765;2;1
4-63925488479;2;1
4-64392414142;2;1
4-66099776255;2;1
4-66769198994;2;1
4-68053059949;2;1
4-68207488907;2;1
4-69046666009;2;1
4-69347699396;2;1
4-69434028058;2;1
4-69489593773;2;1
4-69596939158;2;1
4-69713404407;2;1
4-70160443516;2;1
4-70549428219;2;1
4-70644386770;2;1
4-71030824632;2;1
4-71972482316;2;1
4-72176420766;2;1
4-72188894281;2;1
4-72575196468;2;1
4-72998432765;2;1
4-73040748441;2;1
4-73137547322;2;1
4-73503769966;2;1
4-73736488266;2;1
4-74700428756;2;1
4-74876216964;2;1
4-75758657965;2;1
4-75769320742;2;1
4-76015278969;2;1
4-76105826217;2;1
4-76124721522;2;1
4-76169274012;2;1
4-76280373844;2;1
4-77583986721;2;1
4-77779530742;2;1
4-78204550069;2;1
4-79578309468;2;1
4-79656385061;2;1
4-79780942411;2;1
4-80047140499;2;1
4-81498050094;2;1
4-81944119708;2;1
4-81948445233;2;1
4-83165218718;2;1
4-83858778872;2;1
4-85530802494;2;1
4-85962215642;2;1
4-87496731749;2;1
4-87888357061;2;1
4-87967676245;2;1
4-87972423076;2;1
4-88494888939;2;1
4-88701974426;2;1
4-89171720058;2;1
4-89175981552;2;1
4-89180711639;2;1
4-89731438592;2;1
4-89919382969;2;1
4-90078729248;2;1
4-90142606211;2;1
4-90187223962;2;1
4-90205345306;2;1
4-90228422318;2;1
4-90296972831;2;1
4-90320662348;2;1
4-90322953780;2;1
4-90697188053;2;1
4-90697896107;2;1
4-90701426396;2;1
4-90707212997;2;1
4-90737360469;2;1
4-90805054917;2;1
4-90841471631;2;1
4-90900144366;2;1
4-90966319070;2;1
4-91138321191;2;1
4-91139029392;2;1
4-91149018496;2;1
4-91150941741;2;1
4-91153088848;2;1
4-91232341744;2;1
4-91239802045;2;1
4-91256624203;2;1
4-91266754175;2;1
4-91492973765;2;1
4-91500347125;2;1
4-91505397007;2;1
4-91517944845;2;1
4-91518942836;2;1
4-91523686247;2;1
4-91537940534;2;1
4-91578392189;2;1
4-91591365501;2;1
4-91629509009;2;1
4-91639654601;2;1
4-91640024204;2;1
4-91643036665;2;1
4-91643416511;2;1
4-91656006594;2;1
4-91703154589;2;1
4-91720908732;2;1
4-91721296111;2;1
4-91734906035;2;1
4-91737908540;2;1
4-91741113856;2;1
4-91742192737;2;1
4-91764455326;2;1
4-91770483719;2;1
4-91771596196;2;1
4-91781657655;2;1
4-91856130628;2;1
4-91860392485;2;1
4-91862204207;2;1
4-91891284988;2;1
4-91894537274;2;1
4-91896489883;2;1
4-91897831494;2;1
4-91900886454;2;1
4-91901764087;2;1
4-91905005778;2;1
4-91918299968;2;1
4-91920135049;2;1
4-91936064489;2;1
4-91984174978;2;1
4-91994161238;2;1
4-92011364636;2;1
4-92017375751;2;1
4-92017421723;2;1
4-92019239302;2;1
4-92026238083;2;1
4-21057419335;2;1
4-21254097730;2;1
4-31656936263;2;1
4-44604575858;2;1
4-45017754141;2;1
4-46855719228;2;1
4-46887987910;2;1
4-47053083817;2;1
4-47188277954;2;1
4-47428252119;2;1
4-47543855162;2;1
4-47880397808;2;1
4-48010137217;2;1
4-48094296524;2;1
4-48857831136;2;1
4-49029885497;2;1
4-49076854853;2;1
4-49390616801;2;1
4-49406933931;2;1
4-49427611699;2;1
4-49596784186;2;1
4-49941144099;2;1
4-50426638256;2;1
4-50965708728;2;1
4-51895526432;2;1
4-52597563197;2;1
4-52667709993;2;1
4-53245655362;2;1
4-53341264544;2;1
4-53385160886;2;1
4-53785512850;2;1
4-53937404933;2;1
4-54049115878;2;1
4-54191885881;2;1
4-54193743426;2;1
4-54717791158;2;1
4-54866007521;2;1
4-54928105444;2;1
4-54974381041;2;1
4-55069593918;2;1
4-55491818483;2;1
4-55615157879;2;1
4-55616175957;2;1
4-56229712908;2;1
4-56941489810;2;1
4-57210520512;2;1
4-57240338250;2;1
4-57331319749;2;1
4-57347332186;2;1
4-57352793849;2;1
4-57419923497;2;1
4-57429792831;2;1
4-57461417001;2;1
4-57664455731;2;1
4-57671730204;2;1
4-57866416583;2;1
4-57899014108;2;1
4-57927700796;2;1
4-58102970333;2;1
4-58136706066;2;1
4-58798172357;2;1
4-58894676183;2;1
4-58920470945;2;1
4-58924122646;2;1
4-58928949842;2;1
4-59245185305;2;1
4-59499905896;2;1
4-59656323272;2;1
4-59875398174;2;1
4-59906004189;2;1
4-59919586313;2;1
4-60313731557;2;1
4-60376128080;2;1
4-60398827751;2;1
4-60410273414;2;1
4-60643018336;2;1
4-60671387879;2;1
4-60693824248;2;1
4-60863307870;2;1
4-60864138732;2;1
4-60979548918;2;1
4-61053542815;2;1
4-61428487243;2;1
4-61915632402;2;1
4-62219711409;2;1
4-63390830040;2;1
4-64042008761;2;1
4-65307834059;2;1
4-65404618487;2;1
4-65607821188;2;1
4-66273068587;2;1
4-67094567857;2;1
4-67166266378;2;1
4-67505508329;2;1
4-67838063069;2;1
4-68398751999;2;1
4-68922657016;2;1
4-69020024792;2;1
4-69277315568;2;1
4-70018869642;2;1
4-70023128033;2;1
4-70434860111;2;1
4-70773147462;2;1
4-70925061499;2;1
4-71191222359;2;1
4-71955221434;2;1
4-72293138423;2;1
4-73441473278;2;1
4-73853525621;2;1
4-74557553530;2;1
4-74641480320;2;1
4-74779509016;2;1
4-75189013649;2;1
4-75542004597;2;1
4-75620590830;2;1
4-75952817412;2;1
4-76169301815;2;1
4-76238530161;2;1
4-76575053942;2;1
4-77014005340;2;1
4-78008018854;2;1
4-78430591368;2;1
4-78448681170;2;1
4-80618935213;2;1
4-80870744642;2;1
4-80952648514;2;1
4-80958064664;2;1
4-81819960238;2;1
4-81844321631;2;1
4-82100597051;2;1
4-82173779510;2;1
4-83687455147;2;1
4-84732324911;2;1
4-84884352371;2;1
4-85663237774;2;1
4-86920767116;2;1
4-87214263256;2;1
4-87267254667;2;1
4-87364201409;2;1
4-88114364178;2;1
4-88309034173;2;1
4-88317073505;2;1
4-88398448019;2;1
4-88525283181;2;1
4-88846278473;2;1
4-89015775257;2;1
4-89084472069;2;1
4-89099820993;2;1
4-89150717796;2;1
4-89309548941;2;1
4-89330890081;2;1
4-89666601197;2;1
4-89686920215;2;1
4-89756908416;2;1
4-89871448813;2;1
4-89877105818;2;1
4-89890878339;2;1
4-89893548673;2;1
4-89898069605;2;1
4-90046002724;2;1
4-90051311840;2;1
4-90100018172;2;1
4-90270522274;2;1
4-90328457488;2;1
4-90416202535;2;1
4-90642002135;2;1
4-90694617288;2;1
4-90881192858;2;1
4-90887600123;2;1
4-90985949259;2;1
4-91000573089;2;1
4-91042673195;2;1
4-91052751801;2;1
4-91089125132;2;1
4-91114475762;2;1
4-91130522034;2;1
4-91147744633;2;1
4-91151156927;2;1
4-91154515714;2;1
4-91218729167;2;1
4-91256292168;2;1
4-91277816186;2;1
4-91280404577;2;1
4-91334322234;2;1
4-91352198880;2;1
4-91353926179;2;1
4-91358356357;2;1
4-91467463470;2;1
4-91484850738;2;1
4-91485989240;2;1
4-91498936280;2;1
4-91504133798;2;1
4-91511336518;2;1
4-91532218922;2;1
4-91540593767;2;1
4-91606425675;2;1
4-91613779349;2;1
4-91617694212;2;1
4-91643420084;2;1
4-91652662694;2;1
4-91659044314;2;1
4-91660951433;2;1
4-91708764409;2;1
4-91731412600;2;1
4-91732041459;2;1
4-91733704622;2;1
4-91738714696;2;1
4-91743731618;2;1
4-91743914436;2;1
4-91744768226;2;1
4-91745059944;2;1
4-91755535349;2;1
4-91758372083;2;1
4-91758562661;2;1
4-91761865563;2;1
4-91772172619;2;1
4-91858190015;2;1
4-91879418054;2;1
4-91885659559;2;1
4-91894149331;2;1
4-21547791248;2;1
4-38455642209;2;1
4-38961297195;2;1
4-39654050006;2;1
4-44116407047;2;1
4-45929014677;2;1
4-46206554912;2;1
4-46977374822;2;1
4-47051185659;2;1
4-47175413705;2;1
4-47344915284;2;1
4-47973406058;2;1
4-48108456966;2;1
4-48359928468;2;1
4-48529593754;2;1
4-48555690633;2;1
4-48615586868;2;1
4-49018529568;2;1
4-49239703566;2;1
4-49316895783;2;1
4-49603205623;2;1
4-49851508962;2;1
4-50199704317;2;1
4-50211392391;2;1
4-50461779940;2;1
4-50649930139;2;1
4-50701444731;2;1
4-50915977281;2;1
4-50955361521;2;1
4-51180289557;2;1
4-51251963055;2;1
4-51756966714;2;1
4-51761574741;2;1
4-51771209064;2;1
4-51845729776;2;1
4-52292400096;2;1
4-52698179084;2;1
4-53093802061;2;1
4-53268069654;2;1
4-53365965049;2;1
4-53370054736;2;1
4-53525474088;2;1
4-53805382446;2;1
4-54038508476;2;1
4-54250706441;2;1
4-54251644380;2;1
4-54854195288;2;1
4-54976452631;2;1
4-55161709181;2;1
4-55175543007;2;1
4-55183064557;2;1
4-55487742743;2;1
4-55918938019;2;1
4-56277994364;2;1
4-56406280696;2;1
4-56428775503;2;1
4-56478767142;2;1
4-56557861098;2;1
4-56567948557;2;1
4-57208183292;2;1
4-57210902628;2;1
4-57343434052;2;1
4-57352861063;2;1
4-57438310138;2;1
4-57581713610;2;1
4-57587744817;2;1
4-57593080888;2;1
4-58026352467;2;1
4-58071974217;2;1
4-58615314746;2;1
4-58653815599;2;1
4-58709837718;2;1
4-58759145186;2;1
4-58800594006;2;1
4-59206031598;2;1
4-59227953121;2;1
4-59351332269;2;1
4-59459208852;2;1
4-59602256134;2;1
4-59773876204;2;1
4-60017631723;2;1
4-60027575892;2;1
4-60367998691;2;1
4-60381997540;2;1
4-60567712773;2;1
4-60966713093;2;1
4-61053871653;2;1
4-61242136979;2;1
4-61260257968;2;1
4-61410120471;2;1
4-61545601577;2;1
4-62013661891;2;1
4-62263879687;2;1
4-62392280329;2;1
4-62569199103;2;1
4-62711693149;2;1
4-62990666677;2;1
4-63525362613;2;1
4-63800052151;2;1
4-63823665398;2;1
4-64110298603;2;1
4-64228226222;2;1
4-64355484269;2;1
4-64584729040;2;1
4-65572759273;2;1
4-66423385570;2;1
4-66818204611;2;1
4-66851418272;2;1
4-67105460320;2;1
4-67126035103;2;1
4-67525636556;2;1
4-67530314705;2;1
4-67679626179;2;1
4-67835055834;2;1
4-67851165436;2;1
4-68574697707;2;1
4-68723067162;2;1
4-69073481926;2;1
4-69246135530;2;1
4-69312783064;2;1
4-69394116502;2;1
4-69710480078;2;1
4-69864993370;2;1
4-70181319357;2;1
4-70340650634;2;1
4-70443190026;2;1
4-71046476742;2;1
4-71617704741;2;1
4-71862656417;2;1
4-72050728339;2;1
4-72177491588;2;1
4-72692261083;2;1
4-72853525105;2;1
4-73138951500;2;1
4-73181881454;2;1
4-73442407566;2;1
4-73469600398;2;1
4-73757637963;2;1
4-73961562879;2;1
4-74270963879;2;1
4-74787225274;2;1
4-74859769588;2;1
4-75222545056;2;1
4-75235814841;2;1
4-75664490216;2;1
4-75944395219;2;1
4-75961073822;2;1
4-76275191618;2;1
4-76495771206;2;1
4-76574765673;2;1
4-76761860160;2;1
4-77061081161;2;1
4-77183625141;2;1
4-77553761703;2;1
4-77742536285;2;1
4-78153727697;2;1
4-78436544018;2;1
4-78890159498;2;1
4-78896179769;2;1
4-78994524987;2;1
4-79501069062;2;1
4-79764542506;2;1
4-80058676500;2;1
4-80511405167;2;1
4-80599906344;2;1
4-80679889818;2;1
4-81957858741;2;1
4-82291180368;2;1
4-82850763788;2;1
4-83848016519;2;1
4-84356855623;2;1
4-85256049191;2;1
4-85326297885;2;1
4-85710737699;2;1
4-86068898966;2;1
4-86083611877;2;1
4-86588386258;2;1
4-86948355379;2;1
4-87094574001;2;1
4-88131450566;2;1
4-88319859231;2;1
4-88324298151;2;1
4-88401012219;2;1
4-88498409783;2;1
4-88846388760;2;1
4-89000377593;2;1
4-89008138877;2;1
4-89100391041;2;1
4-89160001805;2;1
4-89718799031;2;1
4-90057345698;2;1
4-90199543210;2;1
4-90289210431;2;1
4-90295796404;2;1
4-90654878813;2;1
4-90699355334;2;1
4-90703860854;2;1
4-90720265186;2;1
4-90804265292;2;1
4-90808640491;2;1
4-90830282070;2;1
4-90834296412;2;1
4-90846934633;2;1
4-90981833671;2;1
4-91028197231;2;1
4-91038231238;2;1
4-91041688600;2;1
4-91051822782;2;1
4-91052879555;2;1
4-91133259062;2;1
4-91144764633;2;1
4-91156610962;2;1
4-91157134986;2;1
4-91230552795;2;1
4-91254062479;2;1
4-91260083213;2;1
4-91266376939;2;1
4-91272551557;2;1
4-91357344237;2;1
4-91361799605;2;1
4-91135306680;2;1
4-91156091455;2;1
4-91164843061;2;1
4-91258562115;2;1
4-91261351550;2;1
4-91261367170;2;1
4-91267486651;2;1
4-91268734468;2;1
4-91269573689;2;1
4-91273079006;2;1
4-91326520894;2;1
4-91337673729;2;1
4-91340420518;2;1
4-91392885488;2;1
4-91467105228;2;1
4-91493989603;2;1
4-91496045481;2;1
4-91497020184;2;1
4-91509966892;2;1
4-91510118130;2;1
4-91591533482;2;1
4-91598056975;2;1
4-91610067870;2;1
4-91617679874;2;1
4-91621467780;2;1
4-91624478220;2;1
4-91628111128;2;1
4-91639233238;2;1
4-91643522597;2;1
4-91644245596;2;1
4-91646731117;2;1
4-91647021589;2;1
4-91655492297;2;1
4-91719157602;2;1
4-91727920833;2;1
4-91730624402;2;1
4-91733838729;2;1
4-91738351927;2;1
4-91739120027;2;1
4-91750526851;2;1
4-91752617749;2;1
4-91760931619;2;1
4-91766998001;2;1
4-91773160411;2;1
4-91774145266;2;1
4-91780119772;2;1
4-91781461508;2;1
4-91783463283;2;1
4-91873593999;2;1
4-91906186740;2;1
4-91911044269;2;1
4-91972217359;2;1
4-91974194195;2;1
4-91979874663;2;1
4-91981093003;2;1
4-91984986498;2;1
4-91988535884;2;1
4-91994626144;2;1
4-92005187259;2;1
4-92006879496;2;1
4-92011161105;2;1
4-92011361644;2;1
4-92019522887;2;1
4-92019893310;2;1
4-92021409566;2;1
4-92021648851;2;1
4-92032296111;2;1
4-92085744183;2;1
4-92091133455;2;1
4-92095884557;2;1
4-92097581660;2;1
4-92097899762;2;1
4-92101919435;2;1
4-92107145908;2;1
4-92108009622;2;1
4-92113161953;2;1
4-92121502171;2;1
4-92163732576;2;1
4-92263111712;2;1
4-92271097750;2;1
4-92273009867;2;1
4-92295190947;2;1
4-92300206914;2;1
4-92300810638;2;1
4-92303984536;2;1
4-92304978461;2;1
4-92319989584;2;1
4-92320820193;2;1
4-92323462167;2;1
4-92326545765;2;1
4-92332115071;2;1
4-92335963246;2;1
4-92342956783;2;1
4-92343096122;2;1
4-92345847608;2;1
4-92383589625;2;1
4-92390620519;2;1
4-92396496075;2;1
4-92406703982;2;1
4-92425678637;2;1
4-92426205693;2;1
4-92439143998;2;1
4-92439556989;2;1
4-92440175406;2;1
4-92442770616;2;1
4-92454965483;2;1
4-92457573465;2;1
4-92460037328;2;1
4-92460457735;2;1
4-92460458722;2;1
4-92460779924;2;1
4-92461650508;2;1
4-92461827236;2;1
4-92462599178;2;1
4-92463078404;2;1
4-92466441384;2;1
4-92466873440;2;1
4-92472279050;2;1
4-92479781308;2;1
4-92487266689;2;1
4-92523730080;2;1
4-92527987707;2;1
4-92532578205;2;1
4-92541416844;2;1
4-92541966769;2;1
4-92544315425;2;1
4-92550458928;2;1
4-92551060146;2;1
4-92551248681;2;1
4-92556615009;2;1
4-92556939916;2;1
4-92558423238;2;1
4-92558752089;2;1
4-92560486744;2;1
4-92562052676;2;1
4-92562639148;2;1
4-92563517486;2;1
4-92564053180;2;1
4-92565331520;2;1
4-92569745586;2;1
4-92572051456;2;1
4-92572212276;2;1
4-92575437665;2;1
4-92576366740;2;1
4-92576504810;2;1
4-92578158087;2;1
4-92579434248;2;1
4-92580170218;2;1
4-92582343634;2;1
4-92583322329;2;1
4-92583381481;2;1
4-92588402340;2;1
4-92593479169;2;1
4-92636109776;2;1
4-92638409152;2;1
4-92639116066;2;1
4-92645696471;2;1
4-92647997829;2;1
4-92648076785;2;1
4-92650621835;2;1
4-92651109766;2;1
4-92651183212;2;1
4-92651870294;2;1
4-92652986036;2;1
4-92653109635;2;1
4-92654286320;2;1
4-92655138190;2;1
4-92657844673;2;1
4-92659005893;2;1
4-92660592054;2;1
4-92663608117;2;1
4-92668562744;2;1
4-92672022823;2;1
4-92675838494;2;1
4-92676986491;2;1
4-92680335600;2;1
4-92685012005;2;1
4-92689430171;2;1
4-92691880684;2;1
4-92698565445;2;1
4-92709858355;2;1
4-92759137950;2;1
4-92765477881;2;1
4-92766981748;2;1
4-92769190000;2;1
4-92769443871;2;1
4-92770080925;2;1
4-92772227675;2;1
4-92772342011;2;1
4-92774667947;2;1
4-92777467399;2;1
4-92778722516;2;1
4-92781270612;2;1
4-92783087218;2;1
4-92783587739;2;1
4-92783648480;2;1
4-92784455116;2;1
4-92788318238;2;1
4-92789253139;2;1
4-92790789483;2;1
4-92792900856;2;1
4-92795117566;2;1
4-92795394751;2;1
4-92796912668;2;1
4-92797516533;2;1
4-92802798211;2;1
4-92802894477;2;1
4-92803840386;2;1
4-92804831833;2;1
4-92810387451;2;1
4-92811423913;2;1
4-92812489290;2;1
4-92813502236;2;1
4-92813707302;2;1
4-92814904803;2;1
4-92814972253;2;1
4-92818702463;2;1
4-92819133081;2;1
4-92819175411;2;1
4-92819176850;2;1
4-91896691607;2;1
4-91896872655;2;1
4-91899431351;2;1
4-91908096165;2;1
4-91908379536;2;1
4-91923992072;2;1
4-91927223014;2;1
4-91929351927;2;1
4-91970740183;2;1
4-91974463207;2;1
4-91980275938;2;1
4-91980578888;2;1
4-91984215736;2;1
4-91988194672;2;1
4-91989953929;2;1
4-91992474936;2;1
4-92003055652;2;1
4-92013307897;2;1
4-92014488928;2;1
4-92014558592;2;1
4-92015767668;2;1
4-92020037235;2;1
4-92022976350;2;1
4-92023213357;2;1
4-92099623792;2;1
4-92116210384;2;1
4-92262449284;2;1
4-92271963504;2;1
4-92291074388;2;1
4-92306647301;2;1
4-92307305296;2;1
4-92314881577;2;1
4-92319695804;2;1
4-92328889071;2;1
4-92328987065;2;1
4-92330507743;2;1
4-92333289957;2;1
4-92346759610;2;1
4-92350029778;2;1
4-92381037278;2;1
4-92381078784;2;1
4-92384849544;2;1
4-92385537774;2;1
4-92386142084;2;1
4-92388585149;2;1
4-92388869170;2;1
4-92399432325;2;1
4-92400045557;2;1
4-92402462989;2;1
4-92403112906;2;1
4-92419582744;2;1
4-92422720702;2;1
4-92429950825;2;1
4-92434115010;2;1
4-92435306674;2;1
4-92441163646;2;1
4-92442422106;2;1
4-92444507184;2;1
4-92449839738;2;1
4-92452338916;2;1
4-92453784559;2;1
4-92453917697;2;1
4-92454539850;2;1
4-92458913769;2;1
4-92463266896;2;1
4-92468787105;2;1
4-92476422061;2;1
4-92519245849;2;1
4-92526507841;2;1
4-92526600319;2;1
4-92527739751;2;1
4-92530993151;2;1
4-92534659018;2;1
4-92534731125;2;1
4-92540181367;2;1
4-92543299120;2;1
4-92545438220;2;1
4-92545588639;2;1
4-92546789869;2;1
4-92549064358;2;1
4-92551620121;2;1
4-92554994556;2;1
4-92561870610;2;1
4-92564187144;2;1
4-92566716065;2;1
4-92569400490;2;1
4-92569955303;2;1
4-92574349209;2;1
4-92575150790;2;1
4-92575896670;2;1
4-92576393272;2;1
4-92579343075;2;1
4-92583807973;2;1
4-92584692116;2;1
4-92593738871;2;1
4-92638807840;2;1
4-92641121360;2;1
4-92643431262;2;1
4-92644918393;2;1
4-92647988088;2;1
4-92649814904;2;1
4-92650847081;2;1
4-92654697073;2;1
4-92655659934;2;1
4-92656669176;2;1
4-92657206046;2;1
4-92657983976;2;1
4-92658698587;2;1
4-92660082062;2;1
4-92660570765;2;1
4-92667817245;2;1
4-92668145116;2;1
4-92669650897;2;1
4-92670815244;2;1
4-92672100515;2;1
4-92679345889;2;1
4-92684266682;2;1
4-92687816827;2;1
4-92688854693;2;1
4-92689185312;2;1
4-92690320529;2;1
4-92692307631;2;1
4-92694066470;2;1
4-92694762860;2;1
4-92695113177;2;1
4-92696591246;2;1
4-92696788699;2;1
4-92697586435;2;1
4-92697817943;2;1
4-92699699871;2;1
4-92700166996;2;1
4-92705998258;2;1
4-92706025587;2;1
4-92706110930;2;1
4-92758406233;2;1
4-92759659132;2;1
4-92761545357;2;1
4-92770940299;2;1
4-92776854584;2;1
4-92785824648;2;1
4-92786298358;2;1
4-92786465181;2;1
4-92786583393;2;1
4-92787093591;2;1
4-92787522553;2;1
4-92789941112;2;1
4-92792959867;2;1
4-92793428662;2;1
4-92797711600;2;1
4-92797957008;2;1
4-92800987309;2;1
4-92801821013;2;1
4-92802370478;2;1
4-92802664960;2;1
4-92803212733;2;1
4-92805550480;2;1
4-92808883109;2;1
4-92815974221;2;1
4-92816089555;2;1
4-92819425494;2;1
4-92820983779;2;1
4-92822505423;2;1
4-92823578679;2;1
4-92826933626;2;1
4-92869107143;2;1
4-92871862760;2;1
4-92872638506;2;1
4-92873341523;2;1
4-92873702682;2;1
4-92878745012;2;1
4-92880362142;2;1
4-92880898879;2;1
4-92886838964;2;1
4-92886977556;2;1
4-92887128491;2;1
4-92887474433;2;1
4-92900668470;2;1
4-92902483753;2;1
4-92908606260;2;1
4-92910167789;2;1
4-92910814818;2;1
4-92921274805;2;1
4-92946852485;2;1
4-92952416066;2;1
4-92961198437;2;1
4-92966130469;2;1
4-93064999047;2;1
4-93065620542;2;1
4-93065850946;2;1
4-93072174724;2;1
4-93076270356;2;1
4-93078073105;2;1
4-93081151256;2;1
4-93081324750;2;1
4-93082907927;2;1
4-93084211878;2;1
4-93084257916;2;1
4-93085121008;2;1
4-93085395978;2;1
4-93088065207;2;1
4-93089901694;2;1
4-93090074463;2;1
4-93091334541;2;1
4-93091408095;2;1
4-93093762573;2;1
4-93094607593;2;1
4-93095215170;2;1
4-93095244056;2;1
4-93095976909;2;1
4-93097475449;2;1
4-93097950333;2;1
4-93099072189;2;1
4-93100247427;2;1
4-93104525795;2;1
4-93104592845;2;1
4-93105577607;2;1
4-93105794477;2;1
4-93111334635;2;1
4-93112217823;2;1
4-93113309487;2;1
4-91876708173;2;1
4-91901242519;2;1
4-91901561572;2;1
4-91901964442;2;1
4-91904041546;2;1
4-91904043104;2;1
4-91904306473;2;1
4-91913749357;2;1
4-91970747810;2;1
4-91971539971;2;1
4-91991988252;2;1
4-91993908943;2;1
4-91999458438;2;1
4-92014117670;2;1
4-92015459023;2;1
4-92019043294;2;1
4-92019654479;2;1
4-92021310866;2;1
4-92024014321;2;1
4-92030256986;2;1
4-92034897329;2;1
4-92036402788;2;1
4-92038918748;2;1
4-92041469309;2;1
4-92080500942;2;1
4-92083421205;2;1
4-92089444270;2;1
4-92103489997;2;1
4-92108892233;2;1
4-92260146958;2;1
4-92269919959;2;1
4-92283889701;2;1
4-92286007232;2;1
4-92304347505;2;1
4-92306495410;2;1
4-92308461931;2;1
4-92310455126;2;1
4-92310705527;2;1
4-92312554298;2;1
4-92319913001;2;1
4-92322104088;2;1
4-92327462833;2;1
4-92333905383;2;1
4-92338041495;2;1
4-92338422170;2;1
4-92378806172;2;1
4-92380862661;2;1
4-92388707021;2;1
4-92391963998;2;1
4-92395745916;2;1
4-92396765599;2;1
4-92403964517;2;1
4-92404102115;2;1
4-92404388260;2;1
4-92406618048;2;1
4-92408241114;2;1
4-92410650869;2;1
4-92410765816;2;1
4-92413311989;2;1
4-92423592183;2;1
4-92435908357;2;1
4-92440174780;2;1
4-92444952897;2;1
4-92446439427;2;1
4-92450519762;2;1
4-92459173698;2;1
4-92460833122;2;1
4-92464381883;2;1
4-92470401225;2;1
4-92482454404;2;1
4-92518970816;2;1
4-92528775666;2;1
4-92531137159;2;1
4-92534997804;2;1
4-92542868471;2;1
4-92543608623;2;1
4-92545688037;2;1
4-92546408779;2;1
4-92549957246;2;1
4-92550940646;2;1
4-92555505598;2;1
4-92558563767;2;1
4-92563482965;2;1
4-92564960345;2;1
4-92567251314;2;1
4-92571864670;2;1
4-92572406016;2;1
4-92573664790;2;1
4-92580560551;2;1
4-92581276426;2;1
4-92581423105;2;1
4-92583010892;2;1
4-92590749120;2;1
4-92591824249;2;1
4-92643651473;2;1
4-92646714662;2;1
4-92649283905;2;1
4-92649802394;2;1
4-92653459572;2;1
4-92654164591;2;1
4-92656697922;2;1
4-92656815194;2;1
4-92660804546;2;1
4-92663308314;2;1
4-92663399998;2;1
4-92669658539;2;1
4-92671952947;2;1
4-92672627273;2;1
4-92674350714;2;1
4-92675729813;2;1
4-92681844180;2;1
4-92684111670;2;1
4-92685116529;2;1
4-92685620806;2;1
4-92685842637;2;1
4-92686420596;2;1
4-92688490726;2;1
4-92700906507;2;1
4-92705835891;2;1
4-92759334715;2;1
4-92761243473;2;1
4-92763507174;2;1
4-92764352675;2;1
4-92764607731;2;1
4-92764787218;2;1
4-92772669768;2;1
4-92773752082;2;1
4-92774561653;2;1
4-92774779767;2;1
4-92780734931;2;1
4-92783099595;2;1
4-92784423010;2;1
4-92784819581;2;1
4-92785478733;2;1
4-92786765556;2;1
4-92788685214;2;1
4-92789712782;2;1
4-92790862470;2;1
4-92790929985;2;1
4-92791375061;2;1
4-92794518119;2;1
4-92797782930;2;1
4-92800652391;2;1
4-92805968301;2;1
4-92808812083;2;1
4-92811144562;2;1
4-92812865739;2;1
4-92815938742;2;1
4-92816408639;2;1
4-92817862588;2;1
4-92818862655;2;1
4-92821285325;2;1
4-92822071500;2;1
4-92822207373;2;1
4-92859897839;2;1
4-92864019707;2;1
4-92870608374;2;1
4-92874622185;2;1
4-92875440845;2;1
4-92877600923;2;1
4-92878706482;2;1
4-92879779635;2;1
4-92881604480;2;1
4-92882752894;2;1
4-92882833713;2;1
4-92883833262;2;1
4-92890122883;2;1
4-92890784917;2;1
4-92890987172;2;1
4-92896130406;2;1
4-92899860425;2;1
4-92899915857;2;1
4-92942087267;2;1
4-92947277458;2;1
4-93066144585;2;1
4-93071177828;2;1
4-93071228956;2;1
4-93075572767;2;1
4-93075775770;2;1
4-93077612711;2;1
4-93079905702;2;1
4-93081668614;2;1
4-93082938380;2;1
4-93086912562;2;1
4-93088415502;2;1
4-93090203319;2;1
4-93090549799;2;1
4-93094450413;2;1
4-93094491985;2;1
4-93094755903;2;1
4-93095670445;2;1
4-93095879736;2;1
4-93096215174;2;1
4-93098486881;2;1
4-93101511049;2;1
4-93101797165;2;1
4-93103257818;2;1
4-93105482370;2;1
4-93105532028;2;1
4-93105704191;2;1
4-93108854605;2;1
4-93109818504;2;1
4-93110222824;2;1
4-93113121554;2;1
4-93114849218;2;1
4-93116558197;2;1
4-93119792640;2;1
4-93122160315;2;1
4-93123838628;2;1
4-93124575534;2;1
4-93125433223;2;1
4-93125753918;2;1
4-93126000197;2;1
4-93126565594;2;1
4-93127318355;2;1
4-93127933969;2;1
4-93127996975;2;1
4-93129022596;2;1
4-93129135604;2;1
4-93131262359;2;1
4-91485801887;2;1
4-91504512797;2;1
4-91514499830;2;1
4-91518277165;2;1
4-91525247359;2;1
4-91528103151;2;1
4-91529912828;2;1
4-91535661547;2;1
4-91607887518;2;1
4-91612297839;2;1
4-91645407585;2;1
4-91648534271;2;1
4-91653564684;2;1
4-91711536720;2;1
4-91720031512;2;1
4-91738471521;2;1
4-91739601186;2;1
4-91742332603;2;1
4-91742930827;2;1
4-91750139596;2;1
4-91752204962;2;1
4-91762849527;2;1
4-91770267370;2;1
4-91774507391;2;1
4-91778128421;2;1
4-91861584814;2;1
4-91890916921;2;1
4-91893141274;2;1
4-91897581246;2;1
4-91898011000;2;1
4-91903248637;2;1
4-91906747618;2;1
4-91907431773;2;1
4-91909354909;2;1
4-91922402385;2;1
4-91969860363;2;1
4-91970379094;2;1
4-91977283691;2;1
4-91977566541;2;1
4-91982742146;2;1
4-91983841632;2;1
4-92002182258;2;1
4-92003785204;2;1
4-92015546825;2;1
4-92016174838;2;1
4-92021369797;2;1
4-92021679089;2;1
4-92022795159;2;1
4-92028587063;2;1
4-92036515789;2;1
4-92079884934;2;1
4-92084793771;2;1
4-92089391542;2;1
4-92093742547;2;1
4-92096357383;2;1
4-92105919636;2;1
4-92121208551;2;1
4-92156006673;2;1
4-92259490272;2;1
4-92284125434;2;1
4-92284256640;2;1
4-92289620584;2;1
4-92289940468;2;1
4-92294453951;2;1
4-92298194404;2;1
4-92307478863;2;1
4-92312398095;2;1
4-92318192786;2;1
4-92323025845;2;1
4-92339329604;2;1
4-92342939022;2;1
4-92385774287;2;1
4-92387105412;2;1
4-92393111386;2;1
4-92399390672;2;1
4-92403264739;2;1
4-92405500594;2;1
4-92409235806;2;1
4-92409712499;2;1
4-92411499025;2;1
4-92426313885;2;1
4-92429162617;2;1
4-92432403103;2;1
4-92436076108;2;1
4-92438663693;2;1
4-92442416983;2;1
4-92442570020;2;1
4-92443002262;2;1
4-92446912538;2;1
4-92450254282;2;1
4-92465847513;2;1
4-92467955242;2;1
4-92468428485;2;1
4-92473401981;2;1
4-92481335253;2;1
4-92485403782;2;1
4-92488116025;2;1
4-92537202698;2;1
4-92538415074;2;1
4-92542658332;2;1
4-92544412951;2;1
4-92546049443;2;1
4-92546666531;2;1
4-92547465004;2;1
4-92551014295;2;1
4-92553494376;2;1
4-92564387410;2;1
4-92569741092;2;1
4-92577159962;2;1
4-92578100074;2;1
4-92578523367;2;1
4-92578699528;2;1
4-92583293163;2;1
4-92596798248;2;1
4-92636951778;2;1
4-92637161831;2;1
4-92640613490;2;1
4-92640937263;2;1
4-92646958752;2;1
4-92648619863;2;1
4-92651275825;2;1
4-92652554749;2;1
4-92653156920;2;1
4-92653828023;2;1
4-92655444459;2;1
4-92655848680;2;1
4-92657082791;2;1
4-92661092578;2;1
4-92661214056;2;1
4-92669394649;2;1
4-92669826713;2;1
4-92672587145;2;1
4-92673143804;2;1
4-92676606954;2;1
4-92678096045;2;1
4-92678123882;2;1
4-92679368620;2;1
4-92679608456;2;1
4-92685449256;2;1
4-92688060154;2;1
4-92688530446;2;1
4-92693034282;2;1
4-92697776178;2;1
4-92699058524;2;1
4-92699386820;2;1
4-92699518357;2;1
4-92701312274;2;1
4-92701958340;2;1
4-92702499091;2;1
4-92703401559;2;1
4-92756697871;2;1
4-92756949043;2;1
4-92758440928;2;1
4-92764488184;2;1
4-92771201500;2;1
4-92774710529;2;1
4-92775429075;2;1
4-92775490435;2;1
4-92779530598;2;1
4-92781738253;2;1
4-92785200688;2;1
4-92787369590;2;1
4-92788329296;2;1
4-92790188710;2;1
4-92791808506;2;1
4-92792541849;2;1
4-92792578738;2;1
4-92792598609;2;1
4-92792828496;2;1
4-92792835481;2;1
4-92794686730;2;1
4-92794712566;2;1
4-92795379819;2;1
4-92798125195;2;1
4-92803054356;2;1
4-92803366278;2;1
4-92808386463;2;1
4-92808450678;2;1
4-92808507415;2;1
4-92809294383;2;1
4-92810414699;2;1
4-92812828818;2;1
4-92813267992;2;1
4-92814180384;2;1
4-92814773076;2;1
4-92815489517;2;1
4-92817106693;2;1
4-92817336155;2;1
4-92817400893;2;1
4-92818891723;2;1
4-92820299443;2;1
4-92863456233;2;1
4-92875654339;2;1
4-92876328773;2;1
4-92880698788;2;1
4-92884219215;2;1
4-92886677695;2;1
4-92892678043;2;1
4-92895311754;2;1
4-92895696063;2;1
4-92896894989;2;1
4-92901741500;2;1
4-92901963809;2;1
4-92912238306;2;1
4-92913108656;2;1
4-92946801667;2;1
4-92950177268;2;1
4-92953106633;2;1
4-93065392355;2;1
4-93066785587;2;1
4-93067636232;2;1
4-93072384752;2;1
4-93077218413;2;1
4-93080355915;2;1
4-93080809494;2;1
4-93081074483;2;1
4-93081611944;2;1
4-93092499682;2;1
4-93099795372;2;1
4-93101363662;2;1
4-92020665628;2;1
4-92021294009;2;1
4-92022060802;2;1
4-92024919052;2;1
4-92027635355;2;1
4-92033466150;2;1
4-92038772482;2;1
4-92094718864;2;1
4-92098401098;2;1
4-92099822268;2;1
4-92101131418;2;1
4-92263702837;2;1
4-92272087600;2;1
4-92275159919;2;1
4-92281389920;2;1
4-92285469063;2;1
4-92286128392;2;1
4-92288570994;2;1
4-92292476047;2;1
4-92307470447;2;1
4-92317089644;2;1
4-92318802240;2;1
4-92319223805;2;1
4-92326343852;2;1
4-92330011739;2;1
4-92330075647;2;1
4-92331807406;2;1
4-92336338400;2;1
4-92338078550;2;1
4-92390223537;2;1
4-92394381657;2;1
4-92404926046;2;1
4-92404972836;2;1
4-92437037980;2;1
4-92439198064;2;1
4-92442107838;2;1
4-92444615858;2;1
4-92461753475;2;1
4-92462708301;2;1
4-92464047988;2;1
4-92465233779;2;1
4-92466659931;2;1
4-92469329301;2;1
4-92471632749;2;1
4-92478970876;2;1
4-92535130970;2;1
4-92538504690;2;1
4-92542031124;2;1
4-92557452714;2;1
4-92558109604;2;1
4-92559679312;2;1
4-92559734560;2;1
4-92564590625;2;1
4-92566007143;2;1
4-92566439095;2;1
4-92572029967;2;1
4-92572434968;2;1
4-92576445793;2;1
4-92579996713;2;1
4-92581968918;2;1
4-92582005202;2;1
4-92582298297;2;1
4-92588629611;2;1
4-92590997853;2;1
4-92593093160;2;1
4-92603288026;2;1
4-92605533245;2;1
4-92638259566;2;1
4-92639668576;2;1
4-92646113493;2;1
4-92647287959;2;1
4-92649305203;2;1
4-92651940889;2;1
4-92653174442;2;1
4-92653835273;2;1
4-92655226188;2;1
4-92659284340;2;1
4-92663437954;2;1
4-92663971550;2;1
4-92664489352;2;1
4-92669470115;2;1
4-92670746040;2;1
4-92672146016;2;1
4-92674080971;2;1
4-92674533524;2;1
4-92675951284;2;1
4-92676528573;2;1
4-92679994228;2;1
4-92682652304;2;1
4-92683913474;2;1
4-92684014599;2;1
4-92684094915;2;1
4-92685073293;2;1
4-92686905333;2;1
4-92687435964;2;1
4-92687811051;2;1
4-92688453968;2;1
4-92689248306;2;1
4-92693935395;2;1
4-92694029595;2;1
4-92694932288;2;1
4-92695250192;2;1
4-92696944830;2;1
4-92697795703;2;1
4-92699150632;2;1
4-92702009426;2;1
4-92702344898;2;1
4-92760103173;2;1
4-92761835438;2;1
4-92762335524;2;1
4-92765871467;2;1
4-92766820052;2;1
4-92767109655;2;1
4-92772736132;2;1
4-92772736959;2;1
4-92774479990;2;1
4-92776052425;2;1
4-92783476460;2;1
4-92784171083;2;1
4-92784788037;2;1
4-92788589202;2;1
4-92789452370;2;1
4-92791580995;2;1
4-92791607866;2;1
4-92795139450;2;1
4-92795701685;2;1
4-92797933901;2;1
4-92799536615;2;1
4-92799826588;2;1
4-92800414564;2;1
4-92802537909;2;1
4-92803723167;2;1
4-92805006579;2;1
4-92805572702;2;1
4-92808543792;2;1
4-92808772037;2;1
4-92808786328;2;1
4-92811611469;2;1
4-92811821361;2;1
4-92812285636;2;1
4-92814285930;2;1
4-92815610762;2;1
4-92815984831;2;1
4-92820837491;2;1
4-92822435439;2;1
4-92859919925;2;1
4-92860413582;2;1
4-92862919353;2;1
4-92869874133;2;1
4-92872253114;2;1
4-92873834868;2;1
4-92873950552;2;1
4-92878640601;2;1
4-92878992386;2;1
4-92881923623;2;1
4-92886742953;2;1
4-92894871455;2;1
4-92900159493;2;1
4-92908574828;2;1
4-92910944394;2;1
4-92914185609;2;1
4-92946617000;2;1
4-92952019008;2;1
4-92957600179;2;1
4-93074409801;2;1
4-93077712636;2;1
4-93078318030;2;1
4-93080035284;2;1
4-93082800552;2;1
4-93083614634;2;1
4-93091140441;2;1
4-93093425630;2;1
4-93094478799;2;1
4-93095841918;2;1
4-93098655201;2;1
4-93103062027;2;1
4-93103218695;2;1
4-93106106577;2;1
4-93106983611;2;1
4-93108410146;2;1
4-93109658539;2;1
4-93109964052;2;1
4-93110701792;2;1
4-93110736047;2;1
4-93112075913;2;1
4-93113407926;2;1
4-93115456680;2;1
4-93117436167;2;1
4-93119510924;2;1
4-93122858061;2;1
4-93125438988;2;1
4-93126666874;2;1
4-93128064676;2;1
4-93131025983;2;1
4-93131155224;2;1
4-93132265645;2;1
4-93134206930;2;1
4-93134398881;2;1
4-93134456061;2;1
4-93136035052;2;1
4-93136304835;2;1
4-93136354769;2;1
4-93139286466;2;1
4-93140622621;2;1
4-93141117113;2;1
4-93141618443;2;1
4-93142897669;2;1
4-93143150778;2;1
4-93143586626;2;1
4-93145438271;2;1
4-93147266238;2;1
4-93151038517;2;1
4-93151890561;2;1
4-93247567149;2;1
4-93248259558;2;1
4-93249743099;2;1
4-93250950199;2;1
4-93252130718;2;1
4-93254725571;2;1
4-93257665427;2;1
4-92027042088;2;1
4-92027520847;2;1
4-92037524006;2;1
4-92090052656;2;1
4-92093056994;2;1
4-92093910506;2;1
4-92097477987;2;1
4-92097951140;2;1
4-92098651606;2;1
4-92121556208;2;1
4-92260646569;2;1
4-92271407911;2;1
4-92281482097;2;1
4-92299349675;2;1
4-92303566890;2;1
4-92314803136;2;1
4-92316773556;2;1
4-92319667593;2;1
4-92319707386;2;1
4-92325321197;2;1
4-92325557522;2;1
4-92326781780;2;1
4-92330233497;2;1
4-92330935875;2;1
4-92332739400;2;1
4-92334057203;2;1
4-92336675070;2;1
4-92343393251;2;1
4-92343567184;2;1
4-92344336562;2;1
4-92380207136;2;1
4-92381013528;2;1
4-92387050525;2;1
4-92390136061;2;1
4-92393728303;2;1
4-92397889540;2;1
4-92400157831;2;1
4-92408617010;2;1
4-92408949163;2;1
4-92409303883;2;1
4-92410595767;2;1
4-92411830441;2;1
4-92415307902;2;1
4-92420268549;2;1
4-92434623686;2;1
4-92439380348;2;1
4-92442130589;2;1
4-92445929981;2;1
4-92448290268;2;1
4-92451320330;2;1
4-92452815839;2;1
4-92454297108;2;1
4-92459170068;2;1
4-92460423630;2;1
4-92466819765;2;1
4-92486105251;2;1
4-92525292382;2;1
4-92530422516;2;1
4-92534317670;2;1
4-92542127633;2;1
4-92549973340;2;1
4-92554826696;2;1
4-92556931429;2;1
4-92559103545;2;1
4-92559737767;2;1
4-92560825026;2;1
4-92562210735;2;1
4-92564201067;2;1
4-92571725488;2;1
4-92572391388;2;1
4-92573775844;2;1
4-92574544440;2;1
4-92575511161;2;1
4-92576738991;2;1
4-92580825870;2;1
4-92590789998;2;1
4-92593491196;2;1
4-92637108722;2;1
4-92638132171;2;1
4-92641927697;2;1
4-92644028746;2;1
4-92646303550;2;1
4-92647788390;2;1
4-92648350004;2;1
4-92649992735;2;1
4-92650665514;2;1
4-92651060345;2;1
4-92652729718;2;1
4-92653368565;2;1
4-92655289027;2;1
4-92659019084;2;1
4-92663463085;2;1
4-92665388445;2;1
4-92667932717;2;1
4-92668310936;2;1
4-92669133350;2;1
4-92670226792;2;1
4-92676931145;2;1
4-92677213311;2;1
4-92678579505;2;1
4-92679150584;2;1
4-92679660143;2;1
4-92681137605;2;1
4-92681447196;2;1
4-92684507181;2;1
4-92687387372;2;1
4-92688503922;2;1
4-92688974716;2;1
4-92752570897;2;1
4-92755661915;2;1
4-92761676105;2;1
4-92761987109;2;1
4-92768648767;2;1
4-92769004598;2;1
4-92773407074;2;1
4-92774908299;2;1
4-92775084499;2;1
4-92778007223;2;1
4-92787253464;2;1
4-92788342841;2;1
4-92788962768;2;1
4-92795478815;2;1
4-92796105457;2;1
4-92798510762;2;1
4-92800188611;2;1
4-92800996715;2;1
4-92804571938;2;1
4-92808712077;2;1
4-92809337139;2;1
4-92815187581;2;1
4-92815423976;2;1
4-92818363670;2;1
4-92820715013;2;1
4-92861958313;2;1
4-92864591683;2;1
4-92867271271;2;1
4-92868593806;2;1
4-92870140060;2;1
4-92870346433;2;1
4-92871394352;2;1
4-92875903112;2;1
4-92878571727;2;1
4-92883513796;2;1
4-92883657084;2;1
4-92885592340;2;1
4-92887391275;2;1
4-92891611098;2;1
4-92891786075;2;1
4-92898900833;2;1
4-92899638542;2;1
4-92900380782;2;1
4-92900958707;2;1
4-92903505243;2;1
4-92946203651;2;1
4-92950862619;2;1
4-92960085188;2;1
4-92965468703;2;1
4-93061453480;2;1
4-93064221025;2;1
4-93068109217;2;1
4-93069115078;2;1
4-93071492607;2;1
4-93077850612;2;1
4-93084152562;2;1
4-93086832372;2;1
4-93088006255;2;1
4-93088262203;2;1
4-93089868246;2;1
4-93091098279;2;1
4-93091305798;2;1
4-93094508585;2;1
4-93094969761;2;1
4-93097383628;2;1
4-93100651317;2;1
4-93100849160;2;1
4-93101637763;2;1
4-93102134799;2;1
4-93103262996;2;1
4-93107615258;2;1
4-93108448974;2;1
4-93110352268;2;1
4-93111324305;2;1
4-93111725414;2;1
4-93112163474;2;1
4-93119025189;2;1
4-93120148055;2;1
4-93124263281;2;1
4-93125427542;2;1
4-93127476134;2;1
4-93127600426;2;1
4-93128423969;2;1
4-93128589485;2;1
4-93131712521;2;1
4-93132288640;2;1
4-93132417663;2;1
4-93132846208;2;1
4-93133176441;2;1
4-93135866074;2;1
4-93135997139;2;1
4-93138007134;2;1
4-93138104827;2;1
4-93138362590;2;1
4-93138606377;2;1
4-93139645164;2;1
4-93140324953;2;1
4-93140701640;2;1
4-93140874922;2;1
4-93144048702;2;1
4-93145783538;2;1
4-93145839116;2;1
4-93146911520;2;1
4-93150126017;2;1
4-93229099539;2;1
4-93236965650;2;1
4-93239126036;2;1
4-93239445162;2;1
4-93242229972;2;1
4-93245634389;2;1
4-93247844058;2;1
4-93249112659;2;1
4-21167781317;2;1
4-21200095220;2;1
4-26453773447;2;1
4-32267044367;2;1
4-42110054788;2;1
4-46736348975;2;1
4-46846535664;2;1
4-47100644616;2;1
4-47108762885;2;1
4-47134352560;2;1
4-47743542875;2;1
4-47804114835;2;1
4-47956009018;2;1
4-48078733048;2;1
4-48772117129;2;1
4-48874973377;2;1
4-49317848961;2;1
4-49491057974;2;1
4-49627745669;2;1
4-49840723099;2;1
4-49846306454;2;1
4-49852847434;2;1
4-49880820514;2;1
4-50076529400;2;1
4-50224067780;2;1
4-51793028977;2;1
4-51793777456;2;1
4-52052044391;2;1
4-52182018967;2;1
4-52493518613;2;1
4-52510403172;2;1
4-52582290031;2;1
4-52669391339;2;1
4-52776825582;2;1
4-53279000327;2;1
4-53286809406;2;1
4-53348659769;2;1
4-53418762609;2;1
4-54257440334;2;1
4-54378528869;2;1
4-54671306696;2;1
4-54822442156;2;1
4-55023859880;2;1
4-55090622146;2;1
4-55164592555;2;1
4-55432367304;2;1
4-55631295932;2;1
4-55777244039;2;1
4-55855790397;2;1
4-55929197199;2;1
4-56472753057;2;1
4-56558769936;2;1
4-56640622726;2;1
4-56721732341;2;1
4-56769314565;2;1
4-56783133831;2;1
4-57316133418;2;1
4-57358227565;2;1
4-57381632986;2;1
4-57668464093;2;1
4-57669109484;2;1
4-57897492437;2;1
4-58073661683;2;1
4-58215188597;2;1
4-58216312991;2;1
4-58232275035;2;1
4-58395180619;2;1
4-58663354770;2;1
4-59306162494;2;1
4-59350360647;2;1
4-59459032829;2;1
4-59611435207;2;1
4-59668468526;2;1
4-59797310552;2;1
4-60012490592;2;1
4-60518280001;2;1
4-60535078312;2;1
4-60804052088;2;1
4-61714196428;2;1
4-62687932462;2;1
4-62706020537;2;1
4-64182540207;2;1
4-64182667386;2;1
4-65067056143;2;1
4-65586409580;2;1
4-66084905836;2;1
4-66306925465;2;1
4-66617714673;2;1
4-67065557209;2;1
4-67087136516;2;1
4-67227168742;2;1
4-67378921363;2;1
4-67511902844;2;1
4-68065544873;2;1
4-68379998715;2;1
4-68449204391;2;1
4-68585478795;2;1
4-69071334412;2;1
4-69375518883;2;1
4-69482957012;2;1
4-70294072478;2;1
4-70436128033;2;1
4-70441690553;2;1
4-71392212466;2;1
4-71834949809;2;1
4-72056747765;2;1
4-72105586147;2;1
4-72487561102;2;1
4-73732999767;2;1
4-73852823532;2;1
4-74429645102;2;1
4-74516410880;2;1
4-74772452152;2;1
4-75297627651;2;1
4-75558849560;2;1
4-75673672538;2;1
4-75977852350;2;1
4-76283386165;2;1
4-76453054672;2;1
4-76625037736;2;1
4-77660579835;2;1
4-78266008702;2;1
4-78305806614;2;1
4-78315146611;2;1
4-78437068888;2;1
4-78834883300;2;1
4-78978505117;2;1
4-79218193138;2;1
4-79373609974;2;1
4-79764572068;2;1
4-79793655407;2;1
4-81847266949;2;1
4-82555028214;2;1
4-82589421239;2;1
4-83134307551;2;1
4-83145176761;2;1
4-83495487912;2;1
4-83853941800;2;1
4-84885531443;2;1
4-85937445723;2;1
4-86284934033;2;1
4-87498076875;2;1
4-88210755832;2;1
4-88529126154;2;1
4-88854310268;2;1
4-88997347604;2;1
4-89038216152;2;1
4-89093830676;2;1
4-89393052261;2;1
4-89899681335;2;1
4-89900475228;2;1
4-89916905245;2;1
4-90004572442;2;1
4-90227445667;2;1
4-90274058236;2;1
4-90436658803;2;1
4-90643347537;2;1
4-90709273020;2;1
4-90795976790;2;1
4-90817363765;2;1
4-90868687799;2;1
4-90999099055;2;1
4-91010300812;2;1
4-91017968199;2;1
4-91101520242;2;1
4-91133012910;2;1
4-91137282340;2;1
4-91146495734;2;1
4-91152760077;2;1
4-91159800862;2;1
4-91248244941;2;1
4-91261968729;2;1
4-91263319503;2;1
4-91269693203;2;1
4-91326621357;2;1
4-91337356463;2;1
4-91387991361;2;1
4-91395477116;2;1
4-91527174686;2;1
4-91528640433;2;1
4-91537777112;2;1
4-91585798318;2;1
4-91590225294;2;1
4-91604887855;2;1
4-91620776422;2;1
4-91623019318;2;1
4-91625385947;2;1
4-91629291613;2;1
4-91650262731;2;1
4-91672161481;2;1
4-91711779598;2;1
4-91730703921;2;1
4-91731998882;2;1
4-91742076090;2;1
4-91751430552;2;1
4-91764524369;2;1
4-91764787570;2;1
4-91865582523;2;1
4-91874156936;2;1
4-91888663238;2;1
4-91894735839;2;1
4-91902630613;2;1
4-91909687684;2;1
4-91963124926;2;1
4-91982665944;2;1
4-91987178305;2;1
4-91991732798;2;1
4-91992511127;2;1
4-91996846768;2;1
4-92008192309;2;1
4-92012490119;2;1
4-92014081857;2;1
4-92014129160;2;1
4-92015476161;2;1
4-92015598120;2;1
4-92017432652;2;1
4-92020290324;2;1
4-92022783206;2;1
4-92025886898;2;1
4-92029037851;2;1
4-21051823379;2;1
4-21218241431;2;1
4-31641806208;2;1
4-35991774308;2;1
4-41980590304;2;1
4-44871438230;2;1
4-46472456503;2;1
4-46527482477;2;1
4-47113578265;2;1
4-47333977787;2;1
4-47421240842;2;1
4-47474115753;2;1
4-47498712900;2;1
4-47820898145;2;1
4-48031590291;2;1
4-48048797269;2;1
4-48366553984;2;1
4-48384609432;2;1
4-48773251084;2;1
4-49004755497;2;1
4-49392946156;2;1
4-49569467781;2;1
4-49590041052;2;1
4-49596184734;2;1
4-49724967855;2;1
4-49841448063;2;1
4-50052292779;2;1
4-50932697086;2;1
4-51004705581;2;1
4-51126811899;2;1
4-51340270356;2;1
4-51454718759;2;1
4-51485464990;2;1
4-51492389813;2;1
4-51663265949;2;1
4-52099105301;2;1
4-52170118567;2;1
4-52997223017;2;1
4-53135649472;2;1
4-53382978312;2;1
4-53406685161;2;1
4-53538730135;2;1
4-53806281904;2;1
4-53934679541;2;1
4-54549545073;2;1
4-55323687840;2;1
4-55431387177;2;1
4-55505612863;2;1
4-55612929492;2;1
4-55739680358;2;1
4-55741191399;2;1
4-56099143619;2;1
4-56115058261;2;1
4-56286782245;2;1
4-56293407284;2;1
4-56580603484;2;1
4-56583102660;2;1
4-56592602392;2;1
4-56734857743;2;1
4-57227996987;2;1
4-57238088727;2;1
4-57359651045;2;1
4-57466554152;2;1
4-57564134782;2;1
4-57918063528;2;1
4-58121088945;2;1
4-58339736444;2;1
4-58627594517;2;1
4-58703740199;2;1
4-58788401742;2;1
4-58791303914;2;1
4-58801769573;2;1
4-58889091230;2;1
4-58906863795;2;1
4-58946371848;2;1
4-58964387535;2;1
4-59061053712;2;1
4-59082050922;2;1
4-59204571525;2;1
4-59433014984;2;1
4-59670458502;2;1
4-59818246045;2;1
4-59913147105;2;1
4-60002492326;2;1
4-60040719683;2;1
4-60135476794;2;1
4-60173035082;2;1
4-60343525489;2;1
4-60343602963;2;1
4-60390380115;2;1
4-60415146073;2;1
4-60425647249;2;1
4-60514683797;2;1
4-60831559130;2;1
4-60835121877;2;1
4-60867323158;2;1
4-60954626480;2;1
4-61261183511;2;1
4-61286791039;2;1
4-61383616644;2;1
4-61388403032;2;1
4-61438876128;2;1
4-61714536387;2;1
4-62383811107;2;1
4-62398863405;2;1
4-62561585236;2;1
4-63917251027;2;1
4-64718877943;2;1
4-64839867049;2;1
4-65294527583;2;1
4-65391771748;2;1
4-66100686821;2;1
4-66833591304;2;1
4-68052013518;2;1
4-68204307664;2;1
4-68562696083;2;1
4-68733933531;2;1
4-69873699001;2;1
4-70278459839;2;1
4-70432419381;2;1
4-70923699951;2;1
4-71130444238;2;1
4-71195247162;2;1
4-71678080383;2;1
4-71946125170;2;1
4-72510904486;2;1
4-72549572596;2;1
4-73065783542;2;1
4-73199013220;2;1
4-73317729750;2;1
4-73750333476;2;1
4-73766271125;2;1
4-74436321344;2;1
4-75664080877;2;1
4-75752865206;2;1
4-76507494312;2;1
4-76778775356;2;1
4-76863438264;2;1
4-77885665729;2;1
4-78587703760;2;1
4-79806213068;2;1
4-81929109900;2;1
4-82890442312;2;1
4-83473934880;2;1
4-83804032843;2;1
4-83813028372;2;1
4-83966864750;2;1
4-84157083278;2;1
4-84768513737;2;1
4-85536392484;2;1
4-85991116873;2;1
4-86109173962;2;1
4-86290742049;2;1
4-87223310457;2;1
4-87386457928;2;1
4-88181183078;2;1
4-88192943538;2;1
4-88221105233;2;1
4-88310656332;2;1
4-88541065931;2;1
4-88607360926;2;1
4-89009127235;2;1
4-89182866696;2;1
4-89184917583;2;1
4-89188611305;2;1
4-89420096540;2;1
4-89774920410;2;1
4-90057139254;2;1
4-90061218277;2;1
4-90145778280;2;1
4-90165855353;2;1
4-90175140092;2;1
4-90206855802;2;1
4-90213854665;2;1
4-90235947443;2;1
4-90342239111;2;1
4-90410072562;2;1
4-90617367750;2;1
4-90712335174;2;1
4-90823220157;2;1
4-91026960894;2;1
4-91124239602;2;1
4-91136185500;2;1
4-91206023056;2;1
4-91212508994;2;1
4-91242365185;2;1
4-91251331156;2;1
4-91258364548;2;1
4-91267211254;2;1
4-91288126687;2;1
4-91375837667;2;1
4-91463462016;2;1
4-91482112537;2;1
4-91488151178;2;1
4-91491865446;2;1
4-91494960890;2;1
4-91496248792;2;1
4-91508592481;2;1
4-91532402159;2;1
4-91591257941;2;1
4-91591526413;2;1
4-91621633180;2;1
4-91660755207;2;1
4-91663896184;2;1
4-91705970935;2;1
4-91718154901;2;1
4-91725972241;2;1
4-91732415849;2;1
4-91738179727;2;1
4-91744218300;2;1
4-91755256209;2;1
4-91759297332;2;1
4-91773929400;2;1
4-91777053867;2;1
4-91778605698;2;1
4-91855231681;2;1
4-91910099677;2;1
4-91919837927;2;1
4-91923983124;2;1
4-91927322260;2;1
4-92822065911;2;1
4-92823187723;2;1
4-92833493433;2;1
4-92859349709;2;1
4-92867349244;2;1
4-92867492133;2;1
4-92872197101;2;1
4-92872419506;2;1
4-92872563955;2;1
4-92874236742;2;1
4-92877437639;2;1
4-92878044554;2;1
4-92879578953;2;1
4-92885639253;2;1
4-92886778668;2;1
4-92890931928;2;1
4-92899335574;2;1
4-92899437656;2;1
4-92948204639;2;1
4-92949272541;2;1
4-92950818994;2;1
4-92952742117;2;1
4-92955724956;2;1
4-92981005133;2;1
4-93059215542;2;1
4-93069645755;2;1
4-93070753200;2;1
4-93072203581;2;1
4-93073780633;2;1
4-93076021712;2;1
4-93080188961;2;1
4-93081566695;2;1
4-93083141605;2;1
4-93085624458;2;1
4-93086842114;2;1
4-93087671820;2;1
4-93088009278;2;1
4-93089661451;2;1
4-93091668351;2;1
4-93100559212;2;1
4-93102496539;2;1
4-93108896637;2;1
4-93110652866;2;1
4-93110772107;2;1
4-93112390689;2;1
4-93112804530;2;1
4-93114576280;2;1
4-93115689432;2;1
4-93116934515;2;1
4-93117449222;2;1
4-93120089317;2;1
4-93120480167;2;1
4-93120669465;2;1
4-93120882533;2;1
4-93121208483;2;1
4-93125117424;2;1
4-93126254826;2;1
4-93128031915;2;1
4-93128642936;2;1
4-93129967249;2;1
4-93130310393;2;1
4-93132903314;2;1
4-93133743427;2;1
4-93133847943;2;1
4-93134205316;2;1
4-93134728326;2;1
4-93138054055;2;1
4-93139282622;2;1
4-93148062299;2;1
4-93149104739;2;1
4-93149571175;2;1
4-93150992019;2;1
4-93152570994;2;1
4-93152860071;2;1
4-93157734513;2;1
4-93237724853;2;1
4-93246256958;2;1
4-93250591502;2;1
4-93250745996;2;1
4-93251256362;2;1
4-93252398415;2;1
4-93254588225;2;1
4-93254676705;2;1
4-93257635831;2;1
4-93258956863;2;1
4-93259391070;2;1
4-93259742548;2;1
4-93261799551;2;1
4-93266887387;2;1
4-93267929640;2;1
4-93269237085;2;1
4-93269563446;2;1
4-93271789350;2;1
4-93272025186;2;1
4-93274654709;2;1
4-93275431183;2;1
4-93275575191;2;1
4-93278663700;2;1
4-93278748666;2;1
4-93279104219;2;1
4-93279749643;2;1
4-93280014057;2;1
4-93283594867;2;1
4-93294604067;2;1
4-93295264226;2;1
4-93295827916;2;1
4-93296334537;2;1
4-93299442007;2;1
4-93300299640;2;1
4-93301094986;2;1
4-93301859514;2;1
4-93303349339;2;1
4-93304667108;2;1
4-93305668364;2;1
4-93305987364;2;1
4-93310949449;2;1
4-93311742308;2;1
4-93313403935;2;1
4-93314349470;2;1
4-93316829097;2;1
4-93318167844;2;1
4-93319985519;2;1
4-93320091538;2;1
4-93321540132;2;1
4-93321659370;2;1
4-93325004613;2;1
4-93331867105;2;1
4-93333645309;2;1
4-93335611902;2;1
4-93339978589;2;1
4-93401435007;2;1
4-93402476031;2;1
4-93421153213;2;1
4-93421871377;2;1
4-93426059697;2;1
4-93426359295;2;1
4-93431769350;2;1
4-93432746186;2;1
4-93434026176;2;1
4-93446147681;2;1
4-93453078735;2;1
4-93465977961;2;1
4-93471074564;2;1
4-93479677937;2;1
4-93481422839;2;1
4-93483289446;2;1
4-93486876596;2;1
4-93489622322;2;1
4-93492366994;2;1
4-93494478427;2;1
4-93495374153;2;1
4-93498740579;2;1
4-93501180134;2;1
4-93502563357;2;1
4-93502733939;2;1
4-93502900361;2;1
4-93504413990;2;1
4-93505277538;2;1
4-93506748137;2;1
4-93506813310;2;1
4-93507771670;2;1
4-93508126148;2;1
4-93511013507;2;1
4-93511633682;2;1
4-93517966547;2;1
4-93521700039;2;1
4-93522195262;2;1
4-93522294149;2;1
4-93522462140;2;1
4-93524623698;2;1
4-93524659911;2;1
4-93527646001;2;1
4-93528129821;2;1
4-93531967886;2;1
4-93534588155;2;1
4-93536746372;2;1
4-93536912660;2;1
4-93540901686;2;1
4-93550271081;2;1
4-93552104237;2;1
4-93552265891;2;1
4-93556862083;2;1
4-93579610294;2;1
4-93593794504;2;1
4-93596835418;2;1
4-93601389522;2;1
4-93612428969;2;1
4-93613713848;2;1
4-93615843961;2;1
4-93620434410;2;1
4-93620709896;2;1
4-93621225155;2;1
4-93622686333;2;1
4-93624490659;2;1
4-93625506992;2;1
4-93628931547;2;1
4-93629129615;2;1
4-93631271881;2;1
4-93631688204;2;1
4-93633597641;2;1
4-93633792091;2;1
4-93635120264;2;1
4-93635358183;2;1
4-93636664643;2;1
4-93638079826;2;1
4-93639137615;2;1
4-93639322478;2;1
4-93640243072;2;1
4-93641906926;2;1
4-93642391075;2;1
4-93643149751;2;1
4-93645868501;2;1
4-93651106424;2;1
4-93651239041;2;1
4-93651770773;2;1
4-93652341468;2;1
4-93652680198;2;1
4-93653420717;2;1
4-93656038293;2;1
4-93657549519;2;1
4-93115942585;2;1
4-93116749972;2;1
4-93116981628;2;1
4-93117730138;2;1
4-93118462552;2;1
4-93119402307;2;1
4-93119855059;2;1
4-93120525774;2;1
4-93127748110;2;1
4-93129378339;2;1
4-93129757261;2;1
4-93130310661;2;1
4-93130517415;2;1
4-93132002804;2;1
4-93132521482;2;1
4-93133180234;2;1
4-93135775186;2;1
4-93137504090;2;1
4-93139128205;2;1
4-93141955514;2;1
4-93143058211;2;1
4-93143836875;2;1
4-93143880425;2;1
4-93154064799;2;1
4-93234869832;2;1
4-93236701467;2;1
4-93247882415;2;1
4-93254233915;2;1
4-93254236841;2;1
4-93255180158;2;1
4-93256848373;2;1
4-93258727184;2;1
4-93259132015;2;1
4-93261883917;2;1
4-93264154067;2;1
4-93264841383;2;1
4-93264964430;2;1
4-93269180559;2;1
4-93270610056;2;1
4-93274094657;2;1
4-93279539148;2;1
4-93280539008;2;1
4-93287104687;2;1
4-93290843681;2;1
4-93296021199;2;1
4-93296681778;2;1
4-93298457936;2;1
4-93300036526;2;1
4-93300186418;2;1
4-93300813982;2;1
4-93303588873;2;1
4-93304011813;2;1
4-93304070840;2;1
4-93305127532;2;1
4-93305328086;2;1
4-93306674167;2;1
4-93307031963;2;1
4-93309149658;2;1
4-93312022936;2;1
4-93314033380;2;1
4-93314202588;2;1
4-93314655842;2;1
4-93315120734;2;1
4-93315167149;2;1
4-93315439908;2;1
4-93316057181;2;1
4-93316146626;2;1
4-93317007881;2;1
4-93317727686;2;1
4-93318256927;2;1
4-93321514062;2;1
4-93326165633;2;1
4-93327136558;2;1
4-93327772424;2;1
4-93328240649;2;1
4-93328716703;2;1
4-93328873820;2;1
4-93329219011;2;1
4-93329834570;2;1
4-93333588772;2;1
4-93335331854;2;1
4-93340048163;2;1
4-93340206588;2;1
4-93341238352;2;1
4-93402130819;2;1
4-93406714431;2;1
4-93408581993;2;1
4-93409200640;2;1
4-93411283850;2;1
4-93415393982;2;1
4-93427344068;2;1
4-93428604775;2;1
4-93429243871;2;1
4-93429538472;2;1
4-93430500941;2;1
4-93431512902;2;1
4-93431822151;2;1
4-93433535687;2;1
4-93434720952;2;1
4-93434743608;2;1
4-93436055352;2;1
4-93440893974;2;1
4-93452175684;2;1
4-93454938897;2;1
4-93464553770;2;1
4-93469086509;2;1
4-93472186345;2;1
4-93480146485;2;1
4-93480243957;2;1
4-93484061557;2;1
4-93491124522;2;1
4-93492873137;2;1
4-93494090585;2;1
4-93494339605;2;1
4-93497926260;2;1
4-93497982782;2;1
4-93498620923;2;1
4-93507890699;2;1
4-93510365903;2;1
4-93510761695;2;1
4-93510850834;2;1
4-93511908631;2;1
4-93516342529;2;1
4-93517369861;2;1
4-93517609444;2;1
4-93518073053;2;1
4-93519791906;2;1
4-93521109278;2;1
4-93523104542;2;1
4-93527710151;2;1
4-93529048775;2;1
4-93530067339;2;1
4-93530414388;2;1
4-93530723283;2;1
4-93531321213;2;1
4-93531624513;2;1
4-93532756791;2;1
4-93535569266;2;1
4-93535891376;2;1
4-93535893944;2;1
4-93541955726;2;1
4-93542278568;2;1
4-93547569635;2;1
4-93548763811;2;1
4-93553431754;2;1
4-93587461037;2;1
4-93588238810;2;1
4-93602580493;2;1
4-93606671017;2;1
4-93613869226;2;1
4-93617835466;2;1
4-93618338289;2;1
4-93618398846;2;1
4-93619348265;2;1
4-93619676154;2;1
4-93619919021;2;1
4-93622054895;2;1
4-93623499624;2;1
4-93624221494;2;1
4-93624900295;2;1
4-93625765931;2;1
4-93626903093;2;1
4-93627548072;2;1
4-93629101024;2;1
4-93630710029;2;1
4-93632565559;2;1
4-93633393604;2;1
4-93634145365;2;1
4-93634827037;2;1
4-93635999440;2;1
4-93636366851;2;1
4-93636527720;2;1
4-93636651624;2;1
4-93640995001;2;1
4-93641378089;2;1
4-93642929038;2;1
4-93644398918;2;1
4-93645675518;2;1
4-93647847721;2;1
4-93649110143;2;1
4-93649301898;2;1
4-93649723154;2;1
4-93653216341;2;1
4-93654223781;2;1
4-93655246741;2;1
4-93656132131;2;1
4-93656465091;2;1
4-93659357087;2;1
4-93661230268;2;1
4-93662909629;2;1
4-93663829951;2;1
4-93664931379;2;1
4-93665023398;2;1
4-93665218647;2;1
4-93665746670;2;1
4-93666339391;2;1
4-93667697778;2;1
4-93669447763;2;1
4-93671108674;2;1
4-93676026752;2;1
4-93702829162;2;1
4-93703176425;2;1
4-93703328214;2;1
4-93703555893;2;1
4-93704204455;2;1
4-93705832355;2;1
4-93715480049;2;1
4-93715589887;2;1
4-93717314698;2;1
4-93722799004;2;1
4-93723276157;2;1
4-93733967021;2;1
4-93734005908;2;1
4-93735206550;2;1
4-93736664332;2;1
4-93739547290;2;1
4-93741607975;2;1
4-93745652127;2;1
4-93752856123;2;1
4-93753821216;2;1
4-93102199701;2;1
4-93102767693;2;1
4-93106023763;2;1
4-93106129445;2;1
4-93106224410;2;1
4-93106389804;2;1
4-93107518205;2;1
4-93108402921;2;1
4-93108930677;2;1
4-93109192714;2;1
4-93112396717;2;1
4-93115710443;2;1
4-93117269962;2;1
4-93117379800;2;1
4-93118208904;2;1
4-93119473793;2;1
4-93122162106;2;1
4-93122641276;2;1
4-93126857767;2;1
4-93128136382;2;1
4-93130612348;2;1
4-93130819254;2;1
4-93132142019;2;1
4-93139236216;2;1
4-93140587113;2;1
4-93141180077;2;1
4-93143362620;2;1
4-93143617308;2;1
4-93148962086;2;1
4-93150898599;2;1
4-93154940240;2;1
4-93157126352;2;1
4-93242280134;2;1
4-93247203538;2;1
4-93250482250;2;1
4-93254590289;2;1
4-93263084739;2;1
4-93264025003;2;1
4-93265599104;2;1
4-93266289186;2;1
4-93268181640;2;1
4-93269442136;2;1
4-93269853766;2;1
4-93270498953;2;1
4-93272713740;2;1
4-93276828807;2;1
4-93281815001;2;1
4-93283314879;2;1
4-93287536085;2;1
4-93293656469;2;1
4-93293864717;2;1
4-93296211557;2;1
4-93299513609;2;1
4-93300591460;2;1
4-93301095791;2;1
4-93303079021;2;1
4-93303879801;2;1
4-93304067865;2;1
4-93306277637;2;1
4-93307067765;2;1
4-93308098809;2;1
4-93309158677;2;1
4-93313835890;2;1
4-93314115563;2;1
4-93317641308;2;1
4-93319645404;2;1
4-93319727371;2;1
4-93320121737;2;1
4-93321196108;2;1
4-93321406660;2;1
4-93321478224;2;1
4-93323861095;2;1
4-93324872935;2;1
4-93328237361;2;1
4-93333056156;2;1
4-93333695023;2;1
4-93335432540;2;1
4-93340814934;2;1
4-93382367090;2;1
4-93407302479;2;1
4-93413581783;2;1
4-93427569359;2;1
4-93433737466;2;1
4-93445251937;2;1
4-93446341294;2;1
4-93446462616;2;1
4-93448981951;2;1
4-93453859569;2;1
4-93455726831;2;1
4-93455937306;2;1
4-93460667251;2;1
4-93460897105;2;1
4-93461801204;2;1
4-93467172056;2;1
4-93471644068;2;1
4-93473993466;2;1
4-93477047567;2;1
4-93479000265;2;1
4-93483511681;2;1
4-93488334579;2;1
4-93488956057;2;1
4-93494747748;2;1
4-93499292215;2;1
4-93504246267;2;1
4-93504643530;2;1
4-93504836505;2;1
4-93505638896;2;1
4-93506003969;2;1
4-93514207091;2;1
4-93515467688;2;1
4-93515751890;2;1
4-93516287725;2;1
4-93518543894;2;1
4-93520058731;2;1
4-93520077232;2;1
4-93520767181;2;1
4-93521905639;2;1
4-93522746086;2;1
4-93524762427;2;1
4-93526612716;2;1
4-93528144127;2;1
4-93531562305;2;1
4-93533131836;2;1
4-93533729583;2;1
4-93538771502;2;1
4-93540585011;2;1
4-93541058191;2;1
4-93544227238;2;1
4-93547214646;2;1
4-93547376096;2;1
4-93547918944;2;1
4-93548309928;2;1
4-93595367072;2;1
4-93600662069;2;1
4-93601215896;2;1
4-93606744190;2;1
4-93607202869;2;1
4-93607846493;2;1
4-93614153040;2;1
4-93615338112;2;1
4-93615341282;2;1
4-93618961759;2;1
4-93619441030;2;1
4-93619989436;2;1
4-93620466262;2;1
4-93620969766;2;1
4-93621276150;2;1
4-93621812617;2;1
4-93622748791;2;1
4-93623367865;2;1
4-93624080647;2;1
4-93627060423;2;1
4-93627629539;2;1
4-93628996206;2;1
4-93629420029;2;1
4-93629705038;2;1
4-93630364618;2;1
4-93630608371;2;1
4-93630626135;2;1
4-93632585714;2;1
4-93634192044;2;1
4-93635866105;2;1
4-93636487712;2;1
4-93638123479;2;1
4-93639406158;2;1
4-93639992467;2;1
4-93640414903;2;1
4-93643174347;2;1
4-93643356584;2;1
4-93643364857;2;1
4-93643891696;2;1
4-93644162367;2;1
4-93644616550;2;1
4-93645374309;2;1
4-93645582165;2;1
4-93647197966;2;1
4-93648030249;2;1
4-93648560660;2;1
4-93648624913;2;1
4-93650257626;2;1
4-93650958812;2;1
4-93651294197;2;1
4-93651700361;2;1
4-93652019574;2;1
4-93653064890;2;1
4-93655175087;2;1
4-93657551344;2;1
4-93658195537;2;1
4-93659973515;2;1
4-93660302299;2;1
4-93661431643;2;1
4-93661851500;2;1
4-93662045800;2;1
4-93663174747;2;1
4-93663344967;2;1
4-93664734621;2;1
4-93664736695;2;1
4-93664757973;2;1
4-93666926041;2;1
4-93668388320;2;1
4-93668996850;2;1
4-93670689803;2;1
4-93671106777;2;1
4-93700452278;2;1
4-93701466218;2;1
4-93701762996;2;1
4-93708234134;2;1
4-93708367638;2;1
4-93708396409;2;1
4-93709221742;2;1
4-93710049889;2;1
4-93714496062;2;1
4-93714825396;2;1
4-93716968777;2;1
4-93723613637;2;1
4-93724511595;2;1
4-93727561594;2;1
4-93729181340;2;1
4-93730631121;2;1
4-93731586411;2;1
4-93133099832;2;1
4-93133582397;2;1
4-93134522125;2;1
4-93137321103;2;1
4-93138287126;2;1
4-93138713748;2;1
4-93140500595;2;1
4-93140832409;2;1
4-93142132369;2;1
4-93142475773;2;1
4-93151190113;2;1
4-93158497103;2;1
4-93234728506;2;1
4-93237788854;2;1
4-93240863668;2;1
4-93244785137;2;1
4-93247394274;2;1
4-93248029920;2;1
4-93251156675;2;1
4-93253310168;2;1
4-93256243975;2;1
4-93256496829;2;1
4-93259845730;2;1
4-93261619471;2;1
4-93264218349;2;1
4-93264576252;2;1
4-93264878323;2;1
4-93265293210;2;1
4-93268260827;2;1
4-93268413956;2;1
4-93269873381;2;1
4-93271197319;2;1
4-93271457699;2;1
4-93272002607;2;1
4-93273804050;2;1
4-93274807802;2;1
4-93275588497;2;1
4-93278139059;2;1
4-93281052240;2;1
4-93283266007;2;1
4-93283455699;2;1
4-93283481583;2;1
4-93286555930;2;1
4-93294862724;2;1
4-93294979104;2;1
4-93298715582;2;1
4-93298722591;2;1
4-93299518759;2;1
4-93299844240;2;1
4-93300961943;2;1
4-93301160040;2;1
4-93301734566;2;1
4-93303120265;2;1
4-93303477803;2;1
4-93304322806;2;1
4-93305500845;2;1
4-93305740769;2;1
4-93309708150;2;1
4-93313579832;2;1
4-93314379419;2;1
4-93314541069;2;1
4-93314730392;2;1
4-93315080640;2;1
4-93317580305;2;1
4-93318516353;2;1
4-93320518941;2;1
4-93321913764;2;1
4-93325406361;2;1
4-93329236589;2;1
4-93332136042;2;1
4-93335642818;2;1
4-93336107085;2;1
4-93341117258;2;1
4-93346549722;2;1
4-93406944035;2;1
4-93412886270;2;1
4-93413880961;2;1
4-93416772556;2;1
4-93423077163;2;1
4-93424192151;2;1
4-93425714996;2;1
4-93427984692;2;1
4-93432966737;2;1
4-93435933831;2;1
4-93436995986;2;1
4-93441316887;2;1
4-93441867534;2;1
4-93448871924;2;1
4-93450693508;2;1
4-93460087322;2;1
4-93468495466;2;1
4-93469267783;2;1
4-93474179949;2;1
4-93489966232;2;1
4-93492625308;2;1
4-93493649567;2;1
4-93504531649;2;1
4-93512789831;2;1
4-93514270663;2;1
4-93516923310;2;1
4-93518190676;2;1
4-93520188984;2;1
4-93520957056;2;1
4-93522962190;2;1
4-93525038743;2;1
4-93525578015;2;1
4-93527538663;2;1
4-93530270567;2;1
4-93530963065;2;1
4-93532586965;2;1
4-93533341030;2;1
4-93535860164;2;1
4-93535939682;2;1
4-93544709828;2;1
4-93547329756;2;1
4-93591145889;2;1
4-93600884468;2;1
4-93604031189;2;1
4-93609194836;2;1
4-93609351816;2;1
4-93611808363;2;1
4-93617745871;2;1
4-93618513330;2;1
4-93618600308;2;1
4-93619229868;2;1
4-93621853803;2;1
4-93622372201;2;1
4-93623193645;2;1
4-93624769286;2;1
4-93625781608;2;1
4-93626350363;2;1
4-93626698509;2;1
4-93632339433;2;1
4-93633136261;2;1
4-93637478213;2;1
4-93640211700;2;1
4-93642629244;2;1
4-93643403230;2;1
4-93644017579;2;1
4-93648468588;2;1
4-93649410733;2;1
4-93649974237;2;1
4-93650944415;2;1
4-93651588636;2;1
4-93651828660;2;1
4-93652306805;2;1
4-93652893208;2;1
4-93653895437;2;1
4-93654323724;2;1
4-93654719566;2;1
4-93656318471;2;1
4-93660463355;2;1
4-93662879181;2;1
4-93665246760;2;1
4-93665364279;2;1
4-93667327420;2;1
4-93668113673;2;1
4-93670636076;2;1
4-93671852807;2;1
4-93673631188;2;1
4-93677683703;2;1
4-93692934367;2;1
4-93694762049;2;1
4-93699048369;2;1
4-93699170816;2;1
4-93699465371;2;1
4-93701461369;2;1
4-93702890498;2;1
4-93703640596;2;1
4-93705976811;2;1
4-93706191241;2;1
4-93706362584;2;1
4-93711281106;2;1
4-93714893811;2;1
4-93715000830;2;1
4-93715251578;2;1
4-93716230159;2;1
4-93720386317;2;1
4-93720720204;2;1
4-93723256694;2;1
4-93735787980;2;1
4-93735987543;2;1
4-93739119281;2;1
4-93742461443;2;1
4-93744110575;2;1
4-93744489603;2;1
4-93746759253;2;1
4-93749855179;2;1
4-93751106240;2;1
4-93257769220;2;1
4-93263690554;2;1
4-93265493941;2;1
4-93265755921;2;1
4-93269228654;2;1
4-93275531042;2;1
4-93276542542;2;1
4-93280211924;2;1
4-93281472345;2;1
4-93286923795;2;1
4-93291633742;2;1
4-93292698934;2;1
4-93293962915;2;1
4-93296446718;2;1
4-93296910194;2;1
4-93297280761;2;1
4-93299046355;2;1
4-93299372523;2;1
4-93300383209;2;1
4-93300573609;2;1
4-93301488073;2;1
4-93302768081;2;1
4-93304170893;2;1
4-93308879547;2;1
4-93309074544;2;1
4-93309590951;2;1
4-93314299813;2;1
4-93315429959;2;1
4-93315946173;2;1
4-93318337916;2;1
4-93319095577;2;1
4-93319842131;2;1
4-93320492285;2;1
4-93320737981;2;1
4-93325831547;2;1
4-93328054657;2;1
4-93330080318;2;1
4-93330551633;2;1
4-93330878014;2;1
4-93331643032;2;1
4-93332684879;2;1
4-93333931354;2;1
4-93335196410;2;1
4-93345784457;2;1
4-93378845021;2;1
4-93390250026;2;1
4-93395441685;2;1
4-93407473738;2;1
4-93408370180;2;1
4-93412005854;2;1
4-93414151880;2;1
4-93419989685;2;1
4-93425821273;2;1
4-93430919216;2;1
4-93434319176;2;1
4-93437549906;2;1
4-93439322821;2;1
4-93444167073;2;1
4-93446011555;2;1
4-93449463802;2;1
4-93449477456;2;1
4-93449873012;2;1
4-93458158737;2;1
4-93459153883;2;1
4-93459185510;2;1
4-93460109223;2;1
4-93461520505;2;1
4-93464319359;2;1
4-93472885418;2;1
4-93481637604;2;1
4-93483433898;2;1
4-93485072551;2;1
4-93489139341;2;1
4-93492930048;2;1
4-93493837361;2;1
4-93495985122;2;1
4-93503923915;2;1
4-93504839299;2;1
4-93508944102;2;1
4-93509976583;2;1
4-93510505721;2;1
4-93511746134;2;1
4-93517729318;2;1
4-93521338504;2;1
4-93522479675;2;1
4-93523683256;2;1
4-93523694674;2;1
4-93525037614;2;1
4-93526359928;2;1
4-93527302750;2;1
4-93527928186;2;1
4-93530647083;2;1
4-93530757214;2;1
4-93530871536;2;1
4-93533755888;2;1
4-93533958495;2;1
4-93534634162;2;1
4-93536820973;2;1
4-93540345105;2;1
4-93546582534;2;1
4-93546636897;2;1
4-93550437704;2;1
4-93583847881;2;1
4-93589944892;2;1
4-93600168627;2;1
4-93602212155;2;1
4-93602309155;2;1
4-93607228904;2;1
4-93613608801;2;1
4-93614794744;2;1
4-93615326653;2;1
4-93616176829;2;1
4-93617108211;2;1
4-93617912847;2;1
4-93619339651;2;1
4-93619536276;2;1
4-93620472940;2;1
4-93620549909;2;1
4-93620821165;2;1
4-93626637878;2;1
4-93629134889;2;1
4-93630901158;2;1
4-93632791472;2;1
4-93636136552;2;1
4-93636750657;2;1
4-93638539417;2;1
4-93639305464;2;1
4-93639472871;2;1
4-93639535826;2;1
4-93639929262;2;1
4-93640010094;2;1
4-93640177958;2;1
4-93642735137;2;1
4-93645816748;2;1
4-93646952500;2;1
4-93647234835;2;1
4-93647672643;2;1
4-93648348664;2;1
4-93650121747;2;1
4-93650197944;2;1
4-93651697798;2;1
4-93652924871;2;1
4-93656644527;2;1
4-93658848117;2;1
4-93659034991;2;1
4-93659758785;2;1
4-93660964115;2;1
4-93662406333;2;1
4-93662473251;2;1
4-93662738128;2;1
4-93663199397;2;1
4-93664013667;2;1
4-93666259777;2;1
4-93666793201;2;1
4-93667450331;2;1
4-93668290085;2;1
4-93668383757;2;1
4-93668797625;2;1
4-93671370584;2;1
4-93674424821;2;1
4-93676440980;2;1
4-93677537420;2;1
4-93700233272;2;1
4-93700290011;2;1
4-93708476904;2;1
4-93708975568;2;1
4-93709691711;2;1
4-93711441012;2;1
4-93714331006;2;1
4-93716251279;2;1
4-93717190501;2;1
4-93717386837;2;1
4-93717807920;2;1
4-93718528017;2;1
4-93718875228;2;1
4-93719391268;2;1
4-93719634811;2;1
4-93720264406;2;1
4-93726827532;2;1
4-93727731855;2;1
4-93729876186;2;1
4-93730577210;2;1
4-93734525862;2;1
4-93735418307;2;1
4-93737131460;2;1
4-93737681767;2;1
4-93738989589;2;1
4-93744352381;2;1
4-93744905378;2;1
4-93745379116;2;1
4-93746055410;2;1
4-93750173579;2;1
4-93751630230;2;1
4-93759722184;2;1
4-93250981258;2;1
4-93253764992;2;1
4-93254581942;2;1
4-93256332064;2;1
4-93259435728;2;1
4-93264179551;2;1
4-93265565066;2;1
4-93268042115;2;1
4-93268472566;2;1
4-93269158495;2;1
4-93271263346;2;1
4-93275505968;2;1
4-93276786601;2;1
4-93276798639;2;1
4-93276932768;2;1
4-93279927558;2;1
4-93281252235;2;1
4-93283126059;2;1
4-93283475838;2;1
4-93283937171;2;1
4-93285307553;2;1
4-93285614549;2;1
4-93289870704;2;1
4-93291888179;2;1
4-93293398260;2;1
4-93293833207;2;1
4-93297974215;2;1
4-93298315220;2;1
4-93299821088;2;1
4-93300489392;2;1
4-93300504921;2;1
4-93301285483;2;1
4-93302215463;2;1
4-93307583393;2;1
4-93308634464;2;1
4-93309084583;2;1
4-93311863466;2;1
4-93313542058;2;1
4-93314388638;2;1
4-93315871950;2;1
4-93316434846;2;1
4-93316593724;2;1
4-93318257308;2;1
4-93318664824;2;1
4-93319869129;2;1
4-93323568991;2;1
4-93325354715;2;1
4-93326195546;2;1
4-93331797713;2;1
4-93332766576;2;1
4-93333887351;2;1
4-93334799783;2;1
4-93336547588;2;1
4-93337812139;2;1
4-93400464176;2;1
4-93409059146;2;1
4-93411133436;2;1
4-93414642645;2;1
4-93419535257;2;1
4-93422990473;2;1
4-93425528437;2;1
4-93427313867;2;1
4-93440253251;2;1
4-93442426613;2;1
4-93447211189;2;1
4-93455583038;2;1
4-93456108715;2;1
4-93464237381;2;1
4-93464777498;2;1
4-93466471685;2;1
4-93467375595;2;1
4-93471293627;2;1
4-93474284086;2;1
4-93484650643;2;1
4-93488082036;2;1
4-93488141475;2;1
4-93488202653;2;1
4-93488399954;2;1
4-93491380330;2;1
4-93496446753;2;1
4-93497608291;2;1
4-93497848898;2;1
4-93498139649;2;1
4-93506422072;2;1
4-93506931205;2;1
4-93508225757;2;1
4-93520702640;2;1
4-93522355570;2;1
4-93522692085;2;1
4-93523916840;2;1
4-93524081072;2;1
4-93524746467;2;1
4-93525439783;2;1
4-93525541776;2;1
4-93528049479;2;1
4-93528697242;2;1
4-93529471116;2;1
4-93530452990;2;1
4-93530620598;2;1
4-93531004451;2;1
4-93531885355;2;1
4-93533481136;2;1
4-93533725926;2;1
4-93543867768;2;1
4-93546419128;2;1
4-93546797170;2;1
4-93548562054;2;1
4-93596506972;2;1
4-93598652170;2;1
4-93599773425;2;1
4-93600561989;2;1
4-93602092005;2;1
4-93604359296;2;1
4-93606294680;2;1
4-93607477731;2;1
4-93608485790;2;1
4-93614246386;2;1
4-93614543340;2;1
4-93615142189;2;1
4-93615954217;2;1
4-93616477139;2;1
4-93617821847;2;1
4-93618832451;2;1
4-93620344053;2;1
4-93620375807;2;1
4-93622433777;2;1
4-93624535849;2;1
4-93626064630;2;1
4-93626082722;2;1
4-93627011761;2;1
4-93627457199;2;1
4-93628559298;2;1
4-93629242743;2;1
4-93631771361;2;1
4-93632439938;2;1
4-93632729926;2;1
4-93636517993;2;1
4-93636901229;2;1
4-93638530812;2;1
4-93639349082;2;1
4-93639842851;2;1
4-93641210987;2;1
4-93641320904;2;1
4-93641329146;2;1
4-93645733932;2;1
4-93651050356;2;1
4-93651346269;2;1
4-93652438184;2;1
4-93654594555;2;1
4-93654765898;2;1
4-93655996354;2;1
4-93656199905;2;1
4-93656248345;2;1
4-93656878234;2;1
4-93656921420;2;1
4-93657389154;2;1
4-93658472300;2;1
4-93658924883;2;1
4-93660285314;2;1
4-93661195127;2;1
4-93661438171;2;1
4-93662874419;2;1
4-93663670956;2;1
4-93664870689;2;1
4-93665377691;2;1
4-93665695601;2;1
4-93665708584;2;1
4-93667350459;2;1
4-93667488187;2;1
4-93668936190;2;1
4-93670126668;2;1
4-93671117308;2;1
4-93671235838;2;1
4-93671417551;2;1
4-93671535774;2;1
4-93671853658;2;1
4-93672271261;2;1
4-93675427219;2;1
4-93677006430;2;1
4-93697420441;2;1
4-93705932455;2;1
4-93707973624;2;1
4-93708221373;2;1
4-93713086532;2;1
4-93714133500;2;1
4-93714281776;2;1
4-93725453924;2;1
4-93727412652;2;1
4-93733949464;2;1
4-93736286107;2;1
4-93740143542;2;1
4-93740498200;2;1
4-93741670706;2;1
4-93757696138;2;1
4-93757962235;2;1
4-93759598430;2;1
4-92032626081;2;1
4-92033305233;2;1
4-92088568541;2;1
4-92094059399;2;1
4-92095518865;2;1
4-92097023514;2;1
4-92262081046;2;1
4-92268934776;2;1
4-92286162551;2;1
4-92287498103;2;1
4-92291424563;2;1
4-92292447787;2;1
4-92304017906;2;1
4-92307616660;2;1
4-92310896632;2;1
4-92313923847;2;1
4-92316886466;2;1
4-92320726548;2;1
4-92322353185;2;1
4-92328124241;2;1
4-92341200683;2;1
4-92347781614;2;1
4-92374259357;2;1
4-92379399190;2;1
4-92384101626;2;1
4-92394442638;2;1
4-92398576716;2;1
4-92404354365;2;1
4-92411928445;2;1
4-92414375285;2;1
4-92418024396;2;1
4-92433394408;2;1
4-92439928354;2;1
4-92440797045;2;1
4-92449540195;2;1
4-92450971838;2;1
4-92453004076;2;1
4-92453220990;2;1
4-92455713523;2;1
4-92459805103;2;1
4-92460708605;2;1
4-92463834163;2;1
4-92471776363;2;1
4-92472697366;2;1
4-92474716620;2;1
4-92476978132;2;1
4-92525014942;2;1
4-92529865264;2;1
4-92532083083;2;1
4-92540580608;2;1
4-92540640425;2;1
4-92545620247;2;1
4-92545735325;2;1
4-92547257253;2;1
4-92555764066;2;1
4-92557557000;2;1
4-92557700627;2;1
4-92559208429;2;1
4-92559411236;2;1
4-92561812806;2;1
4-92562481057;2;1
4-92563531709;2;1
4-92563637841;2;1
4-92564057161;2;1
4-92564179657;2;1
4-92565655281;2;1
4-92565719264;2;1
4-92566245707;2;1
4-92569730265;2;1
4-92571668056;2;1
4-92576393542;2;1
4-92578277430;2;1
4-92585725839;2;1
4-92588313440;2;1
4-92588701356;2;1
4-92590892030;2;1
4-92591689222;2;1
4-92639653436;2;1
4-92640080026;2;1
4-92641243607;2;1
4-92646496817;2;1
4-92647145913;2;1
4-92648864155;2;1
4-92648995533;2;1
4-92649415243;2;1
4-92649496208;2;1
4-92651678572;2;1
4-92652542764;2;1
4-92655598895;2;1
4-92656101281;2;1
4-92658290215;2;1
4-92666564922;2;1
4-92668440366;2;1
4-92677646502;2;1
4-92678109192;2;1
4-92681151806;2;1
4-92682398436;2;1
4-92688437500;2;1
4-92688697018;2;1
4-92690393174;2;1
4-92690883678;2;1
4-92691628042;2;1
4-92694063022;2;1
4-92694256805;2;1
4-92698361746;2;1
4-92698724980;2;1
4-92698759135;2;1
4-92699454485;2;1
4-92700232408;2;1
4-92755325742;2;1
4-92762754943;2;1
4-92763524505;2;1
4-92766863306;2;1
4-92769705066;2;1
4-92769915277;2;1
4-92774270677;2;1
4-92776478424;2;1
4-92777010473;2;1
4-92777013669;2;1
4-92781703109;2;1
4-92785325807;2;1
4-92785786277;2;1
4-92788028652;2;1
4-92790035374;2;1
4-92790733690;2;1
4-92800494192;2;1
4-92800839674;2;1
4-92800906675;2;1
4-92801870272;2;1
4-92806352631;2;1
4-92807319587;2;1
4-92807483605;2;1
4-92808484328;2;1
4-92809520449;2;1
4-92811639164;2;1
4-92824166926;2;1
4-92824197225;2;1
4-92828011076;2;1
4-92828770545;2;1
4-92863302591;2;1
4-92872845263;2;1
4-92873082903;2;1
4-92875395908;2;1
4-92878345101;2;1
4-92887335679;2;1
4-92889339059;2;1
4-92891108221;2;1
4-92897958754;2;1
4-92899276569;2;1
4-92904559346;2;1
4-92904637388;2;1
4-92913562390;2;1
4-92943002133;2;1
4-92943997340;2;1
4-92945955134;2;1
4-92946572600;2;1
4-93071749311;2;1
4-93072867191;2;1
4-93072884364;2;1
4-93088204477;2;1
4-93089598128;2;1
4-93093651694;2;1
4-93097562962;2;1
4-93105464418;2;1
4-93105599618;2;1
4-93106563769;2;1
4-93108548057;2;1
4-93110471158;2;1
4-93111117510;2;1
4-93111934837;2;1
4-93113049573;2;1
4-93113247067;2;1
4-93113417954;2;1
4-93116476793;2;1
4-93116634998;2;1
4-93118112376;2;1
4-93118242908;2;1
4-93124623467;2;1
4-93125768161;2;1
4-93128697915;2;1
4-93132296338;2;1
4-93133953727;2;1
4-93134492134;2;1
4-93134750105;2;1
4-93135427663;2;1
4-93136016840;2;1
4-93136267787;2;1
4-93137759858;2;1
4-93137988747;2;1
4-93140428817;2;1
4-93140902941;2;1
4-93141735376;2;1
4-93142941552;2;1
4-93145303239;2;1
4-93146366774;2;1
4-93149375298;2;1
4-93151053136;2;1
4-93155227942;2;1
4-93239357655;2;1
4-93242696515;2;1
4-93243635591;2;1
4-93244386261;2;1
4-93244773709;2;1
4-93245777066;2;1
4-93248048080;2;1
4-93248057863;2;1
4-93248381142;2;1
4-93252228834;2;1
4-93252454017;2;1
4-93253289063;2;1
4-93255956609;2;1
4-93256810200;2;1
4-93259131266;2;1
4-93264229210;2;1
4-93265165578;2;1
4-93265301006;2;1
4-93267359518;2;1
4-93267697062;2;1
4-93269762879;2;1
4-93273980245;2;1
4-93658485623;2;1
4-93659309042;2;1
4-93660578277;2;1
4-93661565792;2;1
4-93662583381;2;1
4-93663299812;2;1
4-93663565648;2;1
4-93664685178;2;1
4-93665528297;2;1
4-93665716138;2;1
4-93666046376;2;1
4-93666978228;2;1
4-93668509025;2;1
4-93674353844;2;1
4-93678230274;2;1
4-93696991002;2;1
4-93702189193;2;1
4-93703155060;2;1
4-93704959622;2;1
4-93705627864;2;1
4-93710331617;2;1
4-93711648365;2;1
4-93714215230;2;1
4-93714311530;2;1
4-93714319068;2;1
4-93716052750;2;1
4-93719171137;2;1
4-93720114032;2;1
4-93726434320;2;1
4-93727769651;2;1
4-93731438386;2;1
4-93732874164;2;1
4-93733094842;2;1
4-93735887473;2;1
4-93736320048;2;1
4-93737009051;2;1
4-93737433349;2;1
4-93737729484;2;1
4-93738956259;2;1
4-91928969432;2;1
4-91965062860;2;1
4-91967663994;2;1
4-91978281907;2;1
4-91980509072;2;1
4-91994749476;2;1
4-92009698400;2;1
4-92010802092;2;1
4-92016339659;2;1
4-92019681594;2;1
4-92030157540;2;1
4-92080500066;2;1
4-92095280724;2;1
4-92099523389;2;1
4-92102745760;2;1
4-92158073169;2;1
4-92272251061;2;1
4-92283676881;2;1
4-92283908258;2;1
4-92285343237;2;1
4-92286164022;2;1
4-92289772122;2;1
4-92299544741;2;1
4-92306839873;2;1
4-92317005761;2;1
4-92318000932;2;1
4-92318064276;2;1
4-92322282490;2;1
4-92322424768;2;1
4-92327680197;2;1
4-92331427968;2;1
4-92331647117;2;1
4-92333275280;2;1
4-92334072441;2;1
4-92334888321;2;1
4-92340809244;2;1
4-92378755244;2;1
4-92384455087;2;1
4-92392878218;2;1
4-92401542645;2;1
4-92403157276;2;1
4-92408486623;2;1
4-92414224290;2;1
4-92445791325;2;1
4-92446041147;2;1
4-92460335641;2;1
4-92461281362;2;1
4-92462654804;2;1
4-92463344781;2;1
4-92468705768;2;1
4-92469113678;2;1
4-92480305189;2;1
4-92485082268;2;1
4-92525984978;2;1
4-92527660949;2;1
4-92531096933;2;1
4-92549935281;2;1
4-92552614908;2;1
4-92556655283;2;1
4-92556713648;2;1
4-92557699733;2;1
4-92565604792;2;1
4-92565975521;2;1
4-92566516189;2;1
4-92571955997;2;1
4-92572993914;2;1
4-92575848814;2;1
4-92577357828;2;1
4-92589983217;2;1
4-92592387759;2;1
4-92594039555;2;1
4-92636052150;2;1
4-92637311198;2;1
4-92639153162;2;1
4-92640861117;2;1
4-92642842640;2;1
4-92644138944;2;1
4-92644923098;2;1
4-92645599146;2;1
4-92646218782;2;1
4-92648863272;2;1
4-92652853947;2;1
4-92655792737;2;1
4-92658332953;2;1
4-92660574237;2;1
4-92662478103;2;1
4-92665910244;2;1
4-92672653976;2;1
4-92672696906;2;1
4-92673266189;2;1
4-92675786210;2;1
4-92676468093;2;1
4-92676649174;2;1
4-92683487557;2;1
4-92684926809;2;1
4-92685463615;2;1
4-92686252451;2;1
4-92686819676;2;1
4-92690111417;2;1
4-92695024539;2;1
4-92696853072;2;1
4-92700305955;2;1
4-92701090717;2;1
4-92701449214;2;1
4-92702045545;2;1
4-92704222976;2;1
4-92707037110;2;1
4-92756548994;2;1
4-92767427344;2;1
4-92767553271;2;1
4-92768628339;2;1
4-92771382960;2;1
4-92773197752;2;1
4-92778313181;2;1
4-92778632744;2;1
4-92779362264;2;1
4-92780215170;2;1
4-92780678838;2;1
4-92782404414;2;1
4-92783639514;2;1
4-92784589563;2;1
4-92785746146;2;1
4-92785815044;2;1
4-92786673993;2;1
4-92786949496;2;1
4-92787343489;2;1
4-92791452267;2;1
4-92792931826;2;1
4-92793721409;2;1
4-92796876736;2;1
4-92799718714;2;1
4-92799956886;2;1
4-92801770168;2;1
4-92802019433;2;1
4-92802655565;2;1
4-92804637303;2;1
4-92804763913;2;1
4-92811666789;2;1
4-92813477510;2;1
4-92814285245;2;1
4-92815839742;2;1
4-92815929003;2;1
4-92818282847;2;1
4-92818641022;2;1
4-92823296194;2;1
4-92826611471;2;1
4-92831131423;2;1
4-92867656457;2;1
4-92872713673;2;1
4-92873175366;2;1
4-92875563891;2;1
4-92875948254;2;1
4-92877605344;2;1
4-92879851852;2;1
4-92884092063;2;1
4-92886431671;2;1
4-92886502759;2;1
4-92887054359;2;1
4-92887068583;2;1
4-92888058974;2;1
4-92888634036;2;1
4-92890861210;2;1
4-92891892298;2;1
4-92892627870;2;1
4-92901701511;2;1
4-92902159550;2;1
4-92902342303;2;1
4-92910449291;2;1
4-92918315058;2;1
4-92919049703;2;1
4-92938853009;2;1
4-92951370577;2;1
4-93073548450;2;1
4-93079253546;2;1
4-93082658427;2;1
4-93084084996;2;1
4-93084596938;2;1
4-93084796719;2;1
4-93085351556;2;1
4-93085625241;2;1
4-93086169407;2;1
4-93087332354;2;1
4-93088871781;2;1
4-93089197230;2;1
4-93096434322;2;1
4-93098042653;2;1
4-93098218006;2;1
4-93099814448;2;1
4-93099885412;2;1
4-93100325105;2;1
4-93100546838;2;1
4-93100809207;2;1
4-93109098100;2;1
4-93110837925;2;1
4-93112440738;2;1
4-93115606123;2;1
4-93115906030;2;1
4-93117998287;2;1
4-93118250371;2;1
4-93118880784;2;1
4-93119147100;2;1
4-93121680439;2;1
4-93122560384;2;1
4-93123337966;2;1
4-93125369899;2;1
4-93129428445;2;1
4-93129598787;2;1
4-93132206467;2;1
4-93132219771;2;1
4-93136284104;2;1
4-93136844887;2;1
4-93137195394;2;1
4-93139647690;2;1
4-93139767322;2;1
4-93140292698;2;1
4-93144055645;2;1
4-93144169122;2;1
4-93147535199;2;1
4-93147756975;2;1
4-93148794190;2;1
4-93159114023;2;1
4-93227168746;2;1
4-93234261709;2;1
4-93246364943;2;1
4-93257165723;2;1
4-93257696349;2;1
4-93259042494;2;1
4-93261529623;2;1
4-93261634287;2;1
4-93264771345;2;1
4-93265096762;2;1
4-93265598756;2;1
4-93266254837;2;1
4-93266382724;2;1
4-93268635115;2;1
4-93269409678;2;1
4-93269591689;2;1
4-93272182026;2;1
4-93274795202;2;1
4-93275002573;2;1
4-93276284403;2;1
4-93276501333;2;1
4-93276852312;2;1
4-93277071625;2;1
4-93278053128;2;1
4-93279736237;2;1
4-93279967297;2;1
4-93280536022;2;1
4-93283254232;2;1
4-93284780217;2;1
4-93289244449;2;1
4-93289684392;2;1
4-93291496178;2;1
4-93294281207;2;1
4-93295096883;2;1
4-93295682410;2;1
4-93296205956;2;1
4-93296936986;2;1
4-93298382101;2;1
4-93298924946;2;1
4-93299216382;2;1
4-93302741662;2;1
4-93302973271;2;1
4-93303681446;2;1
4-93304259130;2;1
4-93305356993;2;1
4-93307847682;2;1
4-93311062372;2;1
4-93313837554;2;1
4-93314147621;2;1
4-93314926497;2;1
4-93315727337;2;1
4-93316481691;2;1
4-93316623090;2;1
4-93317917218;2;1
4-93318638739;2;1
4-93321188556;2;1
4-93324486691;2;1
4-93325039072;2;1
4-93329198530;2;1
4-93331182251;2;1
4-93335436869;2;1
4-93335438440;2;1
4-93377431527;2;1
4-93398781243;2;1
4-93400404760;2;1
4-93402633837;2;1
4-93405817997;2;1
4-93417865115;2;1
4-93422604127;2;1
4-93422695535;2;1
4-93424662237;2;1
4-93426143752;2;1
4-93427501358;2;1
4-93436187124;2;1
4-93437185359;2;1
4-93440009622;2;1
4-93443635025;2;1
4-93447299078;2;1
4-93449262997;2;1
4-93450791797;2;1
4-93452799020;2;1
4-93453104612;2;1
4-93454745510;2;1
4-93458099218;2;1
4-93460939272;2;1
4-93461931890;2;1
4-93463034132;2;1
4-93464653518;2;1
4-93465306168;2;1
4-93475539547;2;1
4-93487830117;2;1
4-93493070710;2;1
4-93493278456;2;1
4-93493300624;2;1
4-93496242647;2;1
4-93497220569;2;1
4-93498578383;2;1
4-93505048950;2;1
4-93510342382;2;1
4-93511826993;2;1
4-93511913282;2;1
4-93516247825;2;1
4-93517946332;2;1
4-93520202524;2;1
4-93522012683;2;1
4-93522114900;2;1
4-93524649870;2;1
4-93526716725;2;1
4-93527301859;2;1
4-93529519340;2;1
4-93530053333;2;1
4-93533020963;2;1
4-93533359716;2;1
4-93535588666;2;1
4-93536352682;2;1
4-93542271428;2;1
4-93543412148;2;1
4-93549818922;2;1
4-93550360462;2;1
4-93555243759;2;1
4-93558363413;2;1
4-93592939195;2;1
4-93596822783;2;1
4-93598126763;2;1
4-93599813128;2;1
4-93603065980;2;1
4-93604470573;2;1
4-93604728045;2;1
4-93619546690;2;1
4-93619666641;2;1
4-93621436669;2;1
4-93622411705;2;1
4-93623217371;2;1
4-93623383846;2;1
4-93623934152;2;1
4-93623937882;2;1
4-93624769668;2;1
4-93625637300;2;1
4-93625786150;2;1
4-93626596247;2;1
4-93629229885;2;1
4-93630850488;2;1
4-93635614241;2;1
4-93637004587;2;1
4-93638523355;2;1
4-93638742022;2;1
4-93639011878;2;1
4-93639226501;2;1
4-93639363515;2;1
4-93641367756;2;1
4-93642614297;2;1
4-93644421126;2;1
4-93645022135;2;1
4-93645377582;2;1
4-93646033193;2;1
4-93647155426;2;1
4-93648554938;2;1
4-93649454637;2;1
4-93649831457;2;1
4-93651753355;2;1
4-93651808201;2;1
4-93653686888;2;1
4-93654128006;2;1
4-93654132978;2;1
4-93654566562;2;1
4-93656717331;2;1
4-93656741345;2;1
4-93656772343;2;1
4-93658816964;2;1
4-93658904328;2;1
4-93660941382;2;1
4-93661743391;2;1
4-93661992557;2;1
4-93662357173;2;1
4-93662646048;2;1
4-93662797550;2;1
4-93663440885;2;1
4-93665327848;2;1
4-93666536324;2;1
4-93668223565;2;1
4-93668661135;2;1
4-93670398734;2;1
4-93671924599;2;1
4-93672483611;2;1
4-93673508367;2;1
4-93673559874;2;1
4-93677894972;2;1
4-93697636124;2;1
4-93698141692;2;1
4-93701068367;2;1
4-93703437604;2;1
4-93703994373;2;1
4-93704490183;2;1
4-93709060570;2;1
4-93710638802;2;1
4-93711908576;2;1
4-93712332187;2;1
4-93712416267;2;1
4-93712633272;2;1
4-93714797972;2;1
4-93715825991;2;1
4-93717408048;2;1
4-93719810378;2;1
4-93720391851;2;1
4-93735819569;2;1
4-93738313577;2;1
4-93739754239;2;1
4-93740468445;2;1
4-93741262502;2;1
4-93741746208;2;1
4-93741888650;2;1
4-93744054344;2;1
4-93747188281;2;1
4-93753916910;2;1
4-93731848618;2;1
4-93732069039;2;1
4-93738271914;2;1
4-93739694251;2;1
4-93743559744;2;1
4-93746417054;2;1
4-93752946058;2;1
4-93754584791;2;1
4-93754722988;2;1
4-93275919313;2;1
4-93278702050;2;1
4-93284374357;2;1
4-93285011013;2;1
4-93285164089;2;1
4-93287118612;2;1
4-93293953041;2;1
4-93295773855;2;1
4-93297626445;2;1
4-93298071289;2;1
4-93299527811;2;1
4-93300650081;2;1
4-93302551065;2;1
4-93305914717;2;1
4-93305945496;2;1
4-93307655124;2;1
4-93308994704;2;1
4-93310301985;2;1
4-93310666864;2;1
4-93311030208;2;1
4-93312742804;2;1
4-93312909711;2;1
4-93313699061;2;1
4-93315213680;2;1
4-93316244354;2;1
4-93318383141;2;1
4-93318443127;2;1
4-93318831049;2;1
4-93320964518;2;1
4-93321117743;2;1
4-93323242474;2;1
4-93324219823;2;1
4-93329051068;2;1
4-93334305813;2;1
4-93339778239;2;1
4-93399122688;2;1
4-93400721600;2;1
4-93403289516;2;1
4-93405776823;2;1
4-93409005229;2;1
4-93414286844;2;1
4-93414757424;2;1
4-93415240503;2;1
4-93419020565;2;1
4-93420815412;2;1
4-93423067135;2;1
4-93424818825;2;1
4-93428204750;2;1
4-93431684962;2;1
4-93436312931;2;1
4-93439743908;2;1
4-93444119062;2;1
4-93449738077;2;1
4-93458037563;2;1
4-93458881987;2;1
4-93461312663;2;1
4-93473130114;2;1
4-93475771470;2;1
4-93477890161;2;1
4-93477991168;2;1
4-93479042269;2;1
4-93482470827;2;1
4-93485672961;2;1
4-93490039177;2;1
4-93491813632;2;1
4-93494608762;2;1
4-93496423450;2;1
4-93497624753;2;1
4-93498594572;2;1
4-93501861466;2;1
4-93503213447;2;1
4-93512070548;2;1
4-93513896494;2;1
4-93515110432;2;1
4-93515707797;2;1
4-93517296891;2;1
4-93518262099;2;1
4-93518652563;2;1
4-93521357354;2;1
4-93525616451;2;1
4-93526081353;2;1
4-93526409871;2;1
4-93530573457;2;1
4-93533688508;2;1
4-93534930539;2;1
4-93535910328;2;1
4-93540316325;2;1
4-93541706979;2;1
4-93542718382;2;1
4-93543020195;2;1
4-93543690779;2;1
4-93545461654;2;1
4-93546093380;2;1
4-93549784268;2;1
4-93550658751;2;1
4-93599063056;2;1
4-93604143076;2;1
4-93609839549;2;1
4-93610745039;2;1
4-93611421514;2;1
4-93612455472;2;1
4-93613072508;2;1
4-93614837540;2;1
4-93615536293;2;1
4-93619291194;2;1
4-93621793394;2;1
4-93624370398;2;1
4-93625158099;2;1
4-93626282890;2;1
4-93627754557;2;1
4-93631356508;2;1
4-93632028448;2;1
4-93634327388;2;1
4-93634335863;2;1
4-93635636186;2;1
4-93635675507;2;1
4-93636404787;2;1
4-93636406477;2;1
4-93636803098;2;1
4-93637231249;2;1
4-93638909129;2;1
4-93638967522;2;1
4-93641477255;2;1
4-93642252257;2;1
4-93643524414;2;1
4-93644788939;2;1
4-93646514302;2;1
4-93647749103;2;1
4-93648834785;2;1
4-93651411155;2;1
4-93652022687;2;1
4-93652297046;2;1
4-93653959562;2;1
4-93654591420;2;1
4-93655621504;2;1
4-93655941371;2;1
4-93657199620;2;1
4-93657996700;2;1
4-93659800944;2;1
4-93661023498;2;1
4-93661152913;2;1
4-93661546143;2;1
4-93662488231;2;1
4-93665663829;2;1
4-93666172143;2;1
4-93666514492;2;1
4-93666565179;2;1
4-93667080331;2;1
4-93668057595;2;1
4-93671475288;2;1
4-93671603416;2;1
4-93672034515;2;1
4-93672433154;2;1
4-93673632415;2;1
4-93674347876;2;1
4-93675531375;2;1
4-93692577854;2;1
4-93695696417;2;1
4-93698778609;2;1
4-93701448979;2;1
4-93702128836;2;1
4-93703763981;2;1
4-93706500065;2;1
4-93709993188;2;1
4-93710272716;2;1
4-93712106232;2;1
4-93714213239;2;1
4-93714245932;2;1
4-93718620240;2;1
4-93718968116;2;1
4-93720557975;2;1
4-93721745477;2;1
4-93723720184;2;1
4-93723977856;2;1
4-93725493829;2;1
4-93725501938;2;1
4-93726261950;2;1
4-93732098054;2;1
4-93734581634;2;1
4-93735086563;2;1
4-93738177336;2;1
4-93742019628;2;1
4-93744938522;2;1
4-93746927972;2;1
4-93750476891;2;1
4-93759262953;2;1
